Time;RightHandObject;LeftHandObject;RightHandPos;RightHandRot;LeftHandPos;LeftHandRot;HeadPos;HeadRot;ObjectPut;TotalErrors;EyeTrackerPos;EyeTrackerDir
0:0:297;None;None;X=-28.186 Y=-253.112 Z=-1.763;P=-14.815827 Y=-126.322166 R=73.180717;X=-27.265 Y=-278.235 Z=-3.109;P=10.314063 Y=106.261169 R=-170.965500;X=-32.948 Y=-280.029 Z=29.259;P=-38.590145 Y=68.047897 R=-0.995911;0;0;X=-33.407 Y=-279.849 Z=28.569;X=0.311 Y=0.744 Z=-0.591
0:0:799;None;None;X=-33.961 Y=-272.450 Z=-17.930;P=8.538808 Y=-155.414185 R=36.161098;X=-26.347 Y=-275.306 Z=-6.151;P=10.955793 Y=104.605240 R=-174.702026;X=-32.818 Y=-278.604 Z=26.717;P=-47.672085 Y=63.895302 R=-0.919038;0;0;X=-32.667 Y=-278.464 Z=25.897;X=0.426 Y=0.731 Z=-0.533
0:1:297;None;None;X=-37.472 Y=-269.903 Z=-16.419;P=4.373500 Y=-148.891296 R=25.426998;X=-30.468 Y=-275.025 Z=-8.414;P=2.114551 Y=111.213806 R=-178.157959;X=-36.535 Y=-276.148 Z=26.526;P=-48.412197 Y=75.894440 R=-4.091709;0;0;X=-36.382 Y=-276.078 Z=25.628;X=0.132 Y=0.761 Z=-0.635
0:1:798;None;None;X=-38.125 Y=-267.614 Z=-11.278;P=-4.458365 Y=-147.211960 R=16.976360;X=-30.794 Y=-272.699 Z=-7.851;P=6.816829 Y=108.737579 R=-172.556351;X=-38.191 Y=-275.798 Z=28.935;P=-38.013607 Y=81.589523 R=-6.354801;0;0;X=-38.424 Y=-275.525 Z=28.091;X=0.139 Y=0.810 Z=-0.570
0:2:297;None;None;X=-46.905 Y=-263.709 Z=5.254;P=-32.655064 Y=-134.694016 R=-72.398811;X=-28.516 Y=-273.054 Z=-4.480;P=12.058275 Y=103.965477 R=171.459518;X=-36.167 Y=-276.552 Z=27.134;P=-43.829514 Y=74.975403 R=-3.945890;0;0;X=-36.422 Y=-276.269 Z=26.476;X=0.295 Y=0.732 Z=-0.615
0:2:797;None;None;X=-42.111 Y=-265.904 Z=1.849;P=-32.655064 Y=-134.694031 R=-72.398811;X=-26.635 Y=-273.485 Z=-4.428;P=13.245143 Y=97.791939 R=173.239685;X=-34.578 Y=-277.064 Z=26.346;P=-47.080498 Y=67.183655 R=-0.780764;0;0;X=-35.562 Y=-276.561 Z=25.794;X=0.400 Y=0.653 Z=-0.643
0:3:296;None;None;X=-34.834 Y=-268.589 Z=-0.511;P=-23.879433 Y=-155.990768 R=-50.802242;X=-23.621 Y=-272.882 Z=-4.492;P=9.695057 Y=80.999512 R=170.137878;X=-33.677 Y=-277.154 Z=26.676;P=-46.614002 Y=62.696354 R=-1.259129;0;0;X=-33.347 Y=-277.074 Z=26.038;X=0.404 Y=0.663 Z=-0.630
0:3:796;None;None;X=-35.002 Y=-269.416 Z=-1.302;P=-19.406370 Y=-156.383972 R=-38.633553;X=-24.154 Y=-273.359 Z=-5.208;P=10.143179 Y=84.623573 R=173.878433;X=-33.600 Y=-277.813 Z=25.415;P=-50.407738 Y=64.630836 R=-2.843042;0;0;X=-33.891 Y=-277.430 Z=25.231;X=0.415 Y=0.544 Z=-0.729
0:4:296;None;None;X=-33.317 Y=-270.049 Z=-10.155;P=3.370514 Y=-149.326157 R=-10.811697;X=-24.896 Y=-274.098 Z=-6.035;P=9.491483 Y=85.862450 R=172.452438;X=-34.556 Y=-277.216 Z=24.702;P=-53.616394 Y=62.156590 R=-0.369542;0;0;X=-35.148 Y=-276.873 Z=23.859;X=0.514 Y=0.519 Z=-0.683
0:4:796;None;None;X=-37.365 Y=-268.413 Z=-8.941;P=-3.306385 Y=-147.082672 R=-2.521102;X=-28.259 Y=-273.105 Z=-5.886;P=8.874874 Y=88.035553 R=173.961502;X=-39.748 Y=-276.216 Z=24.174;P=-55.560753 Y=65.476730 R=0.970685;0;0;X=-39.271 Y=-276.232 Z=23.850;X=0.293 Y=0.632 Z=-0.718
0:5:296;None;None;X=-45.679 Y=-265.869 Z=-8.402;P=-2.986616 Y=-141.636963 R=-3.743416;X=-34.436 Y=-270.631 Z=-5.547;P=12.228674 Y=90.584091 R=175.861160;X=-44.165 Y=-274.676 Z=26.000;P=-47.386288 Y=73.419472 R=-4.668186;0;0;X=-43.786 Y=-274.963 Z=24.933;X=0.332 Y=0.627 Z=-0.705
0:5:797;None;None;X=-34.800 Y=-267.461 Z=-10.201;P=0.041002 Y=-139.709824 R=-4.359224;X=-24.451 Y=-272.338 Z=-5.966;P=9.179993 Y=90.835037 R=176.118774;X=-34.700 Y=-276.529 Z=24.724;P=-53.493561 Y=71.740639 R=-2.820890;0;0;X=-36.533 Y=-276.050 Z=24.071;X=0.323 Y=0.655 Z=-0.683
0:6:297;None;None;X=-24.528 Y=-257.687 Z=-17.281;P=2.362549 Y=-126.087509 R=0.746359;X=-10.468 Y=-257.858 Z=-23.362;P=-3.290662 Y=84.179832 R=-165.759766;X=-24.282 Y=-271.007 Z=23.258;P=-56.188332 Y=77.472275 R=-6.167118;0;0;X=-25.198 Y=-272.742 Z=22.808;X=0.205 Y=0.635 Z=-0.745
0:6:797;None;None;X=-21.877 Y=-215.870 Z=-40.789;P=11.954709 Y=-110.026573 R=12.934469;X=-4.165 Y=-225.798 Z=-41.303;P=-15.235781 Y=62.972675 R=-160.867706;X=-20.474 Y=-239.403 Z=18.635;P=-59.422459 Y=65.636765 R=-3.906162;0;0;X=-20.881 Y=-244.209 Z=18.042;X=0.146 Y=0.491 Z=-0.859
0:7:297;bleach_cleanser;None;X=-14.744 Y=-206.541 Z=-52.724;P=43.104916 Y=-113.526535 R=-6.864663;X=-1.481 Y=-214.157 Z=-51.710;P=-38.473293 Y=56.748688 R=-179.693069;X=-16.401 Y=-225.136 Z=10.130;P=-74.847137 Y=65.437035 R=-6.758310;0;0;X=-16.451 Y=-225.787 Z=9.463;X=0.118 Y=0.318 Z=-0.941
0:7:796;bleach_cleanser;bleach_cleanser;X=-6.494 Y=-207.356 Z=-42.216;P=34.695721 Y=-123.609024 R=-16.400497;X=6.541 Y=-214.289 Z=-39.724;P=-28.658871 Y=49.108032 R=167.313858;X=-11.581 Y=-222.916 Z=15.053;P=-71.333565 Y=58.993679 R=-4.761085;0;0;X=-12.763 Y=-223.546 Z=14.583;X=0.242 Y=0.249 Z=-0.938
0:8:297;bleach_cleanser;bleach_cleanser;X=6.464 Y=-207.648 Z=-42.576;P=31.522551 Y=-126.750725 R=-13.827624;X=19.151 Y=-215.028 Z=-39.803;P=-24.756819 Y=48.365879 R=169.353287;X=-1.895 Y=-222.108 Z=13.998;P=-72.301865 Y=51.469208 R=2.170355;0;0;X=-3.443 Y=-221.744 Z=13.584;X=0.307 Y=0.267 Z=-0.913
0:8:797;None;None;X=6.047 Y=-206.830 Z=-48.925;P=47.040623 Y=-118.863152 R=6.531247;X=27.560 Y=-215.140 Z=-50.147;P=-39.291420 Y=49.024727 R=-165.939697;X=5.457 Y=-221.106 Z=10.510;P=-74.680191 Y=61.149555 R=-5.903486;0;0;X=5.445 Y=-221.095 Z=9.845;X=0.237 Y=0.279 Z=-0.931
0:9:297;None;None;X=1.519 Y=-207.468 Z=-50.204;P=45.778141 Y=-110.671570 R=20.949842;X=27.031 Y=-212.760 Z=-54.289;P=-46.071381 Y=55.617123 R=-176.351028;X=8.258 Y=-220.970 Z=9.141;P=-74.488632 Y=63.116325 R=-6.385808;0;0;X=8.530 Y=-220.930 Z=8.349;X=0.232 Y=0.280 Z=-0.931
0:9:800;bleach_cleanser;plate;X=8.430 Y=-204.121 Z=-42.977;P=-9.557627 Y=-131.171341 R=61.380653;X=33.149 Y=-209.174 Z=-42.627;P=-22.952938 Y=58.064732 R=-161.618805;X=4.903 Y=-220.023 Z=9.847;P=-73.837044 Y=51.602962 R=7.394289;0;0;X=5.376 Y=-219.878 Z=9.141;X=0.169 Y=0.283 Z=-0.944
0:10:299;bleach_cleanser;None;X=-2.267 Y=-195.851 Z=-37.338;P=1.473552 Y=-142.466309 R=106.038330;X=5.765 Y=-203.553 Z=-38.640;P=-13.938605 Y=70.908195 R=176.546722;X=3.578 Y=-221.942 Z=12.389;P=-71.615616 Y=68.585632 R=-8.048354;0;0;X=4.531 Y=-221.481 Z=10.909;X=0.209 Y=0.345 Z=-0.915
0:10:797;None;None;X=-16.061 Y=-200.521 Z=-42.553;P=28.936293 Y=-111.652489 R=38.182972;X=9.000 Y=-210.372 Z=-43.780;P=-29.995422 Y=84.684944 R=-156.535812;X=-3.809 Y=-221.803 Z=15.146;P=-68.575462 Y=91.551018 R=-20.778873;0;0;X=-3.489 Y=-221.104 Z=14.119;X=-0.082 Y=0.502 Z=-0.861
0:11:299;None;None;X=-15.858 Y=-199.442 Z=-42.317;P=29.106289 Y=-96.342117 R=8.338945;X=7.170 Y=-206.958 Z=-42.425;P=-30.756210 Y=79.280724 R=-168.123932;X=-6.853 Y=-220.289 Z=17.494;P=-61.213512 Y=86.651680 R=-12.960748;0;0;X=-6.637 Y=-219.994 Z=16.295;X=0.012 Y=0.567 Z=-0.824
0:11:797;None;None;X=-18.891 Y=-176.948 Z=-40.237;P=14.420352 Y=-94.774361 R=11.519728;X=8.340 Y=-185.944 Z=-44.135;P=-23.383904 Y=66.464363 R=-172.598770;X=-11.649 Y=-204.620 Z=14.837;P=-58.601265 Y=81.309135 R=-10.734180;0;0;X=-10.829 Y=-206.586 Z=14.782;X=0.070 Y=0.529 Z=-0.846
0:12:299;None;plate;X=-12.151 Y=-171.427 Z=-43.542;P=29.485624 Y=-107.590088 R=-14.567602;X=1.448 Y=-179.547 Z=-44.251;P=-29.949108 Y=70.829536 R=171.462616;X=-14.816 Y=-196.996 Z=12.629;P=-68.050697 Y=78.341019 R=-12.268085;0;0;X=-14.191 Y=-196.684 Z=11.480;X=0.159 Y=0.430 Z=-0.889
0:12:799;None;plate;X=-17.910 Y=-174.144 Z=-33.161;P=19.458422 Y=-107.606171 R=-18.810373;X=0.487 Y=-180.628 Z=-33.283;P=-15.877744 Y=64.407585 R=164.778564;X=-17.766 Y=-202.985 Z=18.538;P=-63.320522 Y=79.805702 R=-10.453988;0;0;X=-17.814 Y=-201.469 Z=16.991;X=0.165 Y=0.486 Z=-0.858
0:13:298;None;None;X=-24.856 Y=-174.841 Z=-31.421;P=17.136719 Y=-104.587997 R=-20.315588;X=-8.850 Y=-178.832 Z=-31.019;P=-12.286608 Y=69.892738 R=169.999359;X=-28.737 Y=-202.063 Z=19.844;P=-58.564648 Y=74.731087 R=-4.075778;0;0;X=-26.175 Y=-202.856 Z=19.057;X=0.074 Y=0.554 Z=-0.829
0:13:797;None;None;X=-36.725 Y=-165.207 Z=-33.474;P=22.124798 Y=-121.163490 R=-23.455244;X=-24.946 Y=-171.362 Z=-32.922;P=-14.795657 Y=56.863293 R=172.534943;X=-45.454 Y=-188.332 Z=20.246;P=-61.328266 Y=58.187828 R=-2.454960;0;0;X=-44.130 Y=-189.109 Z=19.038;X=0.314 Y=0.456 Z=-0.833
0:14:299;None;None;X=-39.400 Y=-156.976 Z=-37.258;P=24.220245 Y=-130.700302 R=-20.027952;X=-34.482 Y=-167.541 Z=-36.501;P=-19.574760 Y=45.835205 R=165.542145;X=-52.508 Y=-175.103 Z=18.064;P=-60.108845 Y=32.777802 R=2.006526;0;0;X=-50.242 Y=-178.269 Z=17.559;X=0.502 Y=0.172 Z=-0.847
0:14:798;None;None;X=-28.387 Y=-155.048 Z=-52.541;P=37.253895 Y=-153.051865 R=3.176919;X=-19.166 Y=-178.303 Z=-52.473;P=-27.955812 Y=0.379852 R=-156.116348;X=-48.337 Y=-168.771 Z=5.527;P=-67.629753 Y=17.514860 R=5.415178;0;0;X=-48.765 Y=-168.624 Z=6.505;X=0.455 Y=0.119 Z=-0.882
0:15:298;plate;None;X=-20.916 Y=-156.002 Z=-54.065;P=32.957729 Y=-157.310394 R=-24.794588;X=-13.616 Y=-171.884 Z=-53.339;P=-27.261736 Y=19.217171 R=177.300781;X=-42.307 Y=-167.913 Z=1.497;P=-67.548874 Y=18.492760 R=4.088353;0;0;X=-42.294 Y=-167.932 Z=0.085;X=0.460 Y=0.139 Z=-0.877
0:15:798;plate;None;X=-27.977 Y=-150.814 Z=-42.828;P=28.360672 Y=-157.756805 R=-27.952173;X=-20.358 Y=-164.794 Z=-43.732;P=-25.466427 Y=22.356831 R=172.896561;X=-46.145 Y=-163.685 Z=9.866;P=-72.585732 Y=31.615465 R=-6.650523;0;0;X=-44.952 Y=-164.958 Z=8.513;X=0.371 Y=0.188 Z=-0.909
0:16:297;None;None;X=-37.122 Y=-135.358 Z=-41.622;P=31.075651 Y=-167.739639 R=-32.672310;X=-30.466 Y=-153.457 Z=-41.903;P=-27.140835 Y=13.159489 R=176.280457;X=-53.986 Y=-145.363 Z=12.072;P=-73.354248 Y=6.440921 R=3.058929;0;0;X=-52.537 Y=-146.851 Z=10.918;X=0.395 Y=0.073 Z=-0.916
0:16:796;None;None;X=-40.541 Y=-128.422 Z=-41.527;P=31.899406 Y=-166.674133 R=-22.769754;X=-36.314 Y=-146.246 Z=-44.121;P=-30.190739 Y=11.963926 R=174.825027;X=-56.936 Y=-141.202 Z=11.956;P=-74.272583 Y=16.976723 R=-8.378979;0;0;X=-56.442 Y=-141.718 Z=11.205;X=0.402 Y=0.052 Z=-0.914
0:17:297;None;None;X=-40.811 Y=-123.596 Z=-48.020;P=40.916878 Y=-167.063324 R=-18.525043;X=-41.368 Y=-139.760 Z=-48.275;P=-36.422932 Y=8.673198 R=171.134262;X=-53.867 Y=-133.045 Z=10.179;P=-75.703255 Y=-3.368132 R=1.631027;0;0;X=-54.226 Y=-134.051 Z=9.637;X=0.348 Y=-0.170 Z=-0.922
0:17:797;plate;plate;X=-37.562 Y=-123.192 Z=-53.935;P=44.960979 Y=179.569992 R=-14.602160;X=-40.039 Y=-138.589 Z=-54.141;P=-45.363914 Y=-12.305605 R=171.310196;X=-49.015 Y=-130.273 Z=6.341;P=-76.282074 Y=-31.174330 R=19.187792;0;0;X=-49.119 Y=-130.260 Z=5.724;X=0.280 Y=-0.197 Z=-0.939
0:18:296;None;None;X=-39.078 Y=-117.478 Z=-54.051;P=42.087616 Y=-173.281937 R=13.438481;X=-44.705 Y=-142.090 Z=-54.773;P=-37.206802 Y=-23.546974 R=-178.134232;X=-49.288 Y=-130.435 Z=7.772;P=-76.639526 Y=-28.322634 R=14.467098;0;0;X=-48.712 Y=-130.623 Z=6.304;X=0.285 Y=-0.198 Z=-0.938
0:18:799;None;None;X=-52.911 Y=-120.541 Z=-49.133;P=44.617527 Y=-168.257858 R=9.635481;X=-33.074 Y=-149.807 Z=-59.897;P=-16.933929 Y=8.652994 R=-103.259521;X=-47.710 Y=-139.525 Z=4.133;P=-78.741951 Y=-16.195704 R=2.963373;0;0;X=-47.651 Y=-138.235 Z=3.971;X=0.258 Y=-0.135 Z=-0.957
0:19:294;None;None;X=-56.086 Y=-127.471 Z=-48.431;P=45.667343 Y=-163.498108 R=17.659941;X=-33.509 Y=-152.472 Z=-58.539;P=-18.504116 Y=39.020630 R=-96.696381;X=-47.588 Y=-142.576 Z=5.205;P=-76.884315 Y=7.583909 R=-12.525560;0;0;X=-47.104 Y=-142.517 Z=3.976;X=0.333 Y=-0.019 Z=-0.943
0:19:794;None;None;X=-57.231 Y=-130.087 Z=-47.669;P=37.525776 Y=-167.759689 R=23.382471;X=-20.329 Y=-151.913 Z=-57.571;P=-10.593200 Y=29.615225 R=-94.798546;X=-45.893 Y=-145.601 Z=2.232;P=-74.910339 Y=8.794416 R=-10.911579;0;0;X=-45.806 Y=-145.666 Z=1.684;X=0.355 Y=-0.028 Z=-0.935
0:20:294;None;None;X=-57.526 Y=-128.296 Z=-47.493;P=37.470848 Y=-162.188232 R=27.299376;X=-25.731 Y=-154.620 Z=-56.702;P=-19.217678 Y=44.268684 R=-99.918182;X=-45.837 Y=-145.424 Z=3.831;P=-73.248184 Y=8.247626 R=-9.532943;0;0;X=-45.340 Y=-145.429 Z=2.779;X=0.422 Y=0.007 Z=-0.906
0:20:795;None;None;X=-60.314 Y=-129.996 Z=-47.930;P=38.476902 Y=-160.884216 R=28.501099;X=-14.074 Y=-148.744 Z=-59.362;P=-29.447014 Y=46.026726 R=-96.310402;X=-43.058 Y=-147.118 Z=-0.209;P=-71.583244 Y=15.392650 R=-15.387712;0;0;X=-42.894 Y=-147.347 Z=-0.911;X=0.425 Y=0.031 Z=-0.905
0:21:294;None;plate;X=-44.078 Y=-125.994 Z=-49.762;P=33.064159 Y=-160.912384 R=21.021421;X=-25.649 Y=-145.444 Z=-56.052;P=-32.118599 Y=13.041963 R=-165.230835;X=-43.160 Y=-142.181 Z=3.433;P=-69.888512 Y=18.926075 R=-16.871126;0;0;X=-42.730 Y=-142.903 Z=2.801;X=0.442 Y=0.035 Z=-0.896
0:21:794;None;None;X=-24.969 Y=-121.841 Z=-45.661;P=20.201977 Y=-156.928986 R=-10.286251;X=-20.932 Y=-141.320 Z=-46.382;P=-20.770473 Y=5.001455 R=146.959900;X=-42.877 Y=-137.679 Z=1.815;P=-70.462914 Y=11.317635 R=-8.437783;0;0;X=-42.105 Y=-138.212 Z=-0.225;X=0.486 Y=-0.039 Z=-0.873
0:22:293;spoon;None;X=-17.218 Y=-131.072 Z=-55.381;P=13.823592 Y=-171.177658 R=31.803877;X=-14.912 Y=-143.847 Z=-39.548;P=-12.350819 Y=1.612398 R=150.957733;X=-41.428 Y=-137.838 Z=0.967;P=-64.054359 Y=-2.381408 R=0.368872;0;0;X=-41.204 Y=-137.588 Z=0.753;X=0.462 Y=-0.032 Z=-0.886
0:22:792;spoon;None;X=-15.625 Y=-137.364 Z=-59.788;P=13.616220 Y=172.277023 R=46.966927;X=-16.017 Y=-149.484 Z=-40.933;P=-11.405418 Y=-1.904679 R=151.158585;X=-40.528 Y=-140.912 Z=-1.052;P=-65.792122 Y=-5.692262 R=0.900715;0;0;X=-39.937 Y=-140.491 Z=-2.103;X=0.479 Y=0.015 Z=-0.878
0:23:293;None;None;X=-36.291 Y=-149.578 Z=-56.944;P=11.463270 Y=152.002289 R=32.245670;X=-16.807 Y=-148.958 Z=-38.594;P=-9.726701 Y=-0.440744 R=152.658478;X=-42.664 Y=-142.106 Z=0.998;P=-66.725525 Y=-6.710727 R=1.346332;0;0;X=-41.974 Y=-142.519 Z=0.132;X=0.416 Y=-0.083 Z=-0.906
0:23:794;None;None;X=-40.225 Y=-141.125 Z=-56.920;P=16.043362 Y=165.220551 R=35.635181;X=-21.341 Y=-143.044 Z=-41.260;P=-14.057922 Y=3.454184 R=152.481537;X=-47.048 Y=-143.633 Z=1.580;P=-75.210960 Y=-31.607737 R=21.452354;0;0;X=-46.196 Y=-144.204 Z=0.605;X=0.424 Y=-0.226 Z=-0.877
0:24:292;None;None;X=-46.014 Y=-139.403 Z=-55.787;P=19.793886 Y=168.876556 R=33.939728;X=-28.479 Y=-141.359 Z=-47.461;P=-25.354010 Y=4.624213 R=152.857391;X=-49.547 Y=-140.446 Z=4.263;P=-76.558846 Y=12.490250 R=-14.313132;0;0;X=-48.944 Y=-139.993 Z=3.046;X=0.435 Y=0.109 Z=-0.894
0:24:794;None;None;X=-44.567 Y=-129.255 Z=-45.560;P=16.391375 Y=-170.272964 R=33.455170;X=-41.346 Y=-142.482 Z=-45.631;P=-35.116096 Y=1.048822 R=158.012787;X=-56.536 Y=-137.965 Z=12.992;P=-72.482239 Y=7.209026 R=-3.631318;0;0;X=-55.457 Y=-137.920 Z=10.833;X=0.503 Y=-0.030 Z=-0.864
0:25:293;None;None;X=-48.400 Y=-124.035 Z=-39.681;P=17.812832 Y=-173.416977 R=28.633018;X=-52.585 Y=-144.467 Z=-41.339;P=-34.121326 Y=-4.102807 R=163.212296;X=-61.902 Y=-134.743 Z=18.877;P=-66.487389 Y=-7.805490 R=0.104316;0;0;X=-60.980 Y=-134.854 Z=18.279;X=0.510 Y=-0.176 Z=-0.842
0:25:793;None;None;X=-40.224 Y=-119.865 Z=-33.420;P=3.459074 Y=176.255035 R=32.975079;X=-51.886 Y=-148.293 Z=-35.030;P=-17.368076 Y=-23.444592 R=174.100342;X=-64.481 Y=-131.557 Z=22.167;P=-53.415436 Y=-25.784924 R=1.265130;0;0;X=-63.840 Y=-131.991 Z=21.012;X=0.558 Y=-0.366 Z=-0.745
0:26:294;None;None;X=-33.944 Y=-122.441 Z=-33.473;P=-0.648820 Y=171.675537 R=28.450129;X=-45.575 Y=-152.502 Z=-35.219;P=-14.993658 Y=-30.634056 R=176.687195;X=-59.643 Y=-132.575 Z=21.207;P=-55.897057 Y=-25.939100 R=-0.343840;0;0;X=-59.774 Y=-132.067 Z=20.443;X=0.669 Y=-0.352 Z=-0.655
0:26:793;None;None;X=-27.845 Y=-124.565 Z=-32.982;P=-2.948005 Y=173.842987 R=31.856400;X=-35.929 Y=-153.107 Z=-36.704;P=-12.310152 Y=-22.778500 R=179.701492;X=-51.146 Y=-139.123 Z=19.960;P=-58.339565 Y=-15.197896 R=-7.155066;0;0;X=0.000 Y=0.000 Z=0.000;X=0.000 Y=0.000 Z=0.000
0:27:293;None;None;X=-13.607 Y=-127.020 Z=-45.050;P=4.371581 Y=168.778412 R=26.292158;X=-20.793 Y=-153.077 Z=-45.016;P=-13.716624 Y=-22.831074 R=-174.056519;X=-37.401 Y=-136.781 Z=9.946;P=-64.607681 Y=-17.962532 R=-6.631505;0;0;X=-38.165 Y=-137.064 Z=10.641;X=0.459 Y=-0.120 Z=-0.881
0:27:793;None;None;X=-6.626 Y=-129.546 Z=-55.570;P=29.777069 Y=170.075684 R=-4.297830;X=-14.637 Y=-153.848 Z=-55.123;P=-27.556047 Y=-26.337276 R=173.471497;X=-31.901 Y=-137.001 Z=1.679;P=-69.204460 Y=-16.949480 R=-10.380754;0;0;X=-31.598 Y=-137.041 Z=1.033;X=0.454 Y=-0.131 Z=-0.881
0:28:297;None;plate;X=-9.380 Y=-130.837 Z=-52.850;P=24.369717 Y=176.043137 R=-2.556357;X=-16.794 Y=-152.165 Z=-51.175;P=-23.403751 Y=-31.280626 R=170.872101;X=-33.043 Y=-136.216 Z=3.972;P=-70.066162 Y=-18.939672 R=-7.458902;0;0;X=-32.396 Y=-136.518 Z=2.864;X=0.463 Y=-0.146 Z=-0.874
0:28:794;None;plate;X=-19.803 Y=-126.150 Z=-52.200;P=31.306026 Y=176.496765 R=-2.524398;X=-24.819 Y=-145.270 Z=-51.283;P=-29.994133 Y=-31.017906 R=169.640350;X=-37.276 Y=-132.967 Z=6.793;P=-76.837471 Y=-13.266045 R=-10.277998;0;0;X=-36.755 Y=-133.667 Z=5.270;X=0.246 Y=-0.083 Z=-0.966
0:29:294;None;plate;X=-27.351 Y=-124.656 Z=-53.680;P=37.206978 Y=179.979507 R=-0.333125;X=-32.466 Y=-142.287 Z=-52.724;P=-39.699406 Y=-35.114471 R=173.218124;X=-39.887 Y=-131.600 Z=8.803;P=-73.346199 Y=-20.000051 R=-4.426974;0;0;X=-39.295 Y=-131.797 Z=7.967;X=0.287 Y=-0.149 Z=-0.946
0:29:794;None;None;X=-29.830 Y=-123.726 Z=-53.485;P=37.179241 Y=-176.554733 R=9.125577;X=-36.874 Y=-142.514 Z=-53.779;P=-38.133877 Y=-36.481007 R=-175.762238;X=-43.716 Y=-131.329 Z=10.397;P=-71.921066 Y=-20.625511 R=-5.825046;0;0;X=-42.727 Y=-131.521 Z=8.939;X=0.323 Y=-0.148 Z=-0.935
0:30:295;None;None;X=-36.167 Y=-114.841 Z=-42.413;P=30.674276 Y=-178.072784 R=8.305017;X=-49.223 Y=-143.886 Z=-43.196;P=-33.209503 Y=-30.639149 R=-173.457123;X=-53.163 Y=-129.413 Z=16.295;P=-66.173798 Y=-22.237537 R=-4.446379;0;0;X=-51.089 Y=-129.392 Z=14.878;X=0.425 Y=-0.032 Z=-0.905
0:30:793;None;None;X=-52.006 Y=-115.852 Z=-37.057;P=24.580223 Y=-170.021210 R=8.000999;X=-62.047 Y=-146.342 Z=-37.920;P=-25.725462 Y=-22.435490 R=179.271469;X=-71.075 Y=-131.737 Z=18.627;P=-65.130272 Y=-8.036994 R=-12.643271;0;0;X=-68.805 Y=-131.655 Z=17.454;X=0.519 Y=0.025 Z=-0.855
0:31:294;None;None;X=-68.697 Y=-127.474 Z=-34.710;P=22.613642 Y=155.262848 R=-7.952965;X=-79.063 Y=-140.549 Z=-33.324;P=-21.491333 Y=-24.112068 R=178.755539;X=-82.727 Y=-126.435 Z=21.611;P=-57.869984 Y=-41.878304 R=6.893174;0;0;X=-81.462 Y=-127.751 Z=21.196;X=0.492 Y=-0.467 Z=-0.735
0:31:794;None;None;X=-78.155 Y=-128.178 Z=-31.042;P=15.854118 Y=159.566467 R=-4.136904;X=-91.105 Y=-144.863 Z=-31.070;P=-17.164749 Y=-24.396645 R=175.044235;X=-99.514 Y=-129.876 Z=25.051;P=-44.761288 Y=-28.274466 R=-1.087435;0;0;X=-97.215 Y=-129.487 Z=23.647;X=0.713 Y=-0.292 Z=-0.638
0:32:294;None;None;X=-91.434 Y=-129.316 Z=-29.538;P=17.200731 Y=170.801193 R=-5.099290;X=-100.801 Y=-149.756 Z=-30.283;P=-16.937399 Y=-12.497466 R=173.236893;X=-108.611 Y=-128.710 Z=23.545;P=-52.082268 Y=0.205576 R=-11.787157;0;0;X=-107.234 Y=-128.543 Z=23.530;X=0.707 Y=-0.284 Z=-0.648
0:32:794;None;None;X=-89.726 Y=-118.426 Z=-29.380;P=15.825916 Y=164.945938 R=-11.917113;X=-98.110 Y=-138.706 Z=-27.767;P=-12.848139 Y=-13.682182 R=174.381699;X=-106.677 Y=-121.244 Z=25.058;P=-45.815243 Y=-33.796715 R=4.600483;0;0;X=-106.402 Y=-122.358 Z=24.229;X=0.608 Y=-0.542 Z=-0.580
0:33:295;None;None;X=-86.816 Y=-117.716 Z=-28.710;P=15.157316 Y=153.615479 R=-12.006810;X=-99.156 Y=-133.765 Z=-28.495;P=-15.390888 Y=-21.914125 R=171.793808;X=-104.520 Y=-115.956 Z=26.954;P=-39.817314 Y=-32.533825 R=-0.344575;0;0;X=-103.900 Y=-116.875 Z=26.283;X=0.732 Y=-0.403 Z=-0.549
0:33:794;None;None;X=-85.986 Y=-113.859 Z=-25.719;P=14.495887 Y=158.700256 R=-10.407944;X=-94.880 Y=-132.834 Z=-26.007;P=-10.734154 Y=-16.773800 R=173.668762;X=-106.158 Y=-111.783 Z=27.804;P=-40.071529 Y=-21.955278 R=-3.253419;0;0;X=-105.074 Y=-112.200 Z=27.292;X=0.720 Y=-0.461 Z=-0.519
0:34:295;None;None;X=-87.380 Y=-109.502 Z=-27.674;P=14.491454 Y=163.053741 R=-8.196666;X=-96.141 Y=-128.563 Z=-26.922;P=-11.719941 Y=-12.511148 R=173.371017;X=-106.527 Y=-109.679 Z=26.817;P=-42.172935 Y=-21.161461 R=-3.613009;0;0;X=-105.857 Y=-110.079 Z=26.410;X=0.732 Y=-0.153 Z=-0.664
0:34:793;None;None;X=-84.637 Y=-107.694 Z=-29.756;P=10.692838 Y=162.269501 R=-2.323454;X=-97.050 Y=-128.012 Z=-28.222;P=-13.431819 Y=-14.479206 R=174.178452;X=-104.341 Y=-108.560 Z=23.443;P=-51.396301 Y=-12.737933 R=-7.192024;0;0;X=-104.268 Y=-108.308 Z=22.998;X=0.705 Y=-0.055 Z=-0.707
0:35:293;None;None;X=-70.392 Y=-108.944 Z=-30.192;P=7.937957 Y=168.937622 R=-1.181216;X=-91.816 Y=-131.027 Z=-34.614;P=-24.832354 Y=-10.544004 R=172.697311;X=-91.437 Y=-116.763 Z=18.390;P=-66.239960 Y=-10.901264 R=-7.611217;0;0;X=0.000 Y=0.000 Z=0.000;X=0.000 Y=0.000 Z=0.000
0:35:794;None;None;X=-38.719 Y=-106.013 Z=-26.977;P=-10.061756 Y=166.950714 R=16.297659;X=-75.454 Y=-133.228 Z=-31.782;P=-19.292353 Y=-13.576031 R=174.814667;X=-71.779 Y=-114.560 Z=18.285;P=-61.159798 Y=-11.456284 R=-15.369184;0;0;X=-73.916 Y=-115.202 Z=18.271;X=0.600 Y=-0.111 Z=-0.792
0:36:294;None;None;X=-10.677 Y=-111.900 Z=-46.120;P=-2.417825 Y=139.464371 R=20.678877;X=-71.076 Y=-117.311 Z=-36.808;P=-39.170025 Y=-34.487862 R=-176.512482;X=-38.149 Y=-107.640 Z=5.065;P=-73.596237 Y=-50.368320 R=2.167616;0;0;X=-39.873 Y=-107.352 Z=5.601;X=0.424 Y=-0.232 Z=-0.876
0:36:794;None;None;X=-10.086 Y=-119.667 Z=-56.260;P=4.666877 Y=129.598755 R=17.073727;X=-62.177 Y=-108.320 Z=-39.075;P=-43.533272 Y=-44.969406 R=-173.080338;X=-29.420 Y=-110.125 Z=-1.155;P=-77.283646 Y=-77.320320 R=20.592510;0;0;X=-28.844 Y=-109.747 Z=-2.177;X=0.330 Y=-0.227 Z=-0.916
0:37:295;None;None;X=-11.653 Y=-121.723 Z=-55.827;P=3.936156 Y=125.040024 R=13.120193;X=-61.814 Y=-106.283 Z=-39.467;P=-39.194984 Y=-47.467171 R=-169.529404;X=-30.530 Y=-111.556 Z=-1.417;P=-75.133095 Y=-90.383659 R=27.582098;0;0;X=-29.880 Y=-111.610 Z=-2.392;X=0.159 Y=-0.334 Z=-0.929
0:37:795;None;None;X=-15.825 Y=-121.950 Z=-54.879;P=2.924516 Y=122.173019 R=14.743000;X=-62.603 Y=-105.307 Z=-38.615;P=-40.756348 Y=-48.756531 R=-172.905807;X=-33.845 Y=-109.604 Z=0.417;P=-73.410271 Y=-88.932060 R=24.438122;0;0;X=-32.560 Y=-109.752 Z=-1.074;X=0.175 Y=-0.342 Z=-0.923
0:38:297;None;None;X=-13.960 Y=-111.866 Z=-39.970;P=-2.225152 Y=135.399933 R=23.276995;X=-62.740 Y=-104.946 Z=-34.312;P=-30.488058 Y=-46.948006 R=-176.349091;X=-39.568 Y=-106.034 Z=10.238;P=-66.385307 Y=-67.618202 R=5.314345;0;0;X=-37.774 Y=-106.513 Z=7.663;X=0.249 Y=-0.422 Z=-0.872
0:38:802;None;None;X=-40.672 Y=-97.321 Z=-31.704;P=10.394700 Y=141.800369 R=9.388384;X=-70.556 Y=-113.119 Z=-24.849;P=-15.367679 Y=-35.799614 R=174.994781;X=-65.265 Y=-103.156 Z=21.413;P=-48.115204 Y=-55.888847 R=2.061343;0;0;X=-61.440 Y=-103.169 Z=20.142;X=0.472 Y=-0.581 Z=-0.663
0:39:302;None;None;X=-67.881 Y=-99.270 Z=-25.140;P=1.411998 Y=141.098175 R=6.150768;X=-87.043 Y=-115.363 Z=-22.807;P=-7.824186 Y=-23.749720 R=177.397125;X=-85.853 Y=-100.178 Z=23.364;P=-52.935055 Y=-37.626381 R=-3.929015;0;0;X=-84.185 Y=-101.351 Z=22.483;X=0.557 Y=-0.505 Z=-0.659
0:39:802;None;None;X=-68.263 Y=-96.624 Z=-23.909;P=-0.392060 Y=139.794067 R=3.968188;X=-90.050 Y=-116.670 Z=-20.095;P=-4.814839 Y=-28.860109 R=172.525696;X=-91.222 Y=-100.220 Z=24.375;P=-47.973015 Y=-37.972935 R=-1.399414;0;0;X=-89.712 Y=-99.659 Z=23.533;X=0.594 Y=-0.504 Z=-0.627
0:40:301;None;None;X=-84.429 Y=-119.122 Z=-22.101;P=-2.326963 Y=147.617722 R=3.416699;X=-94.177 Y=-141.828 Z=-21.289;P=-4.037324 Y=-12.936973 R=173.443222;X=-101.568 Y=-122.923 Z=21.988;P=-53.085594 Y=-18.004339 R=-8.623788;0;0;X=-100.734 Y=-120.789 Z=21.335;X=0.682 Y=-0.365 Z=-0.634
0:40:801;None;None;X=-74.160 Y=-131.454 Z=-25.692;P=4.302664 Y=154.361389 R=4.599942;X=-80.702 Y=-150.118 Z=-23.934;P=-7.567781 Y=0.048811 R=172.649414;X=-88.819 Y=-138.303 Z=21.895;P=-54.422787 Y=-14.812123 R=-9.021466;0;0;X=-89.956 Y=-136.733 Z=20.992;X=0.681 Y=-0.251 Z=-0.688
0:41:301;None;None;X=-62.781 Y=-145.896 Z=-27.050;P=3.646788 Y=163.353302 R=13.748610;X=-69.312 Y=-163.501 Z=-26.893;P=-9.177014 Y=6.275308 R=172.284210;X=-78.264 Y=-156.415 Z=20.705;P=-56.582455 Y=1.671720 R=-14.983906;0;0;X=-79.171 Y=-153.948 Z=20.473;X=0.625 Y=-0.055 Z=-0.779
0:41:800;None;None;X=-36.579 Y=-152.139 Z=-35.749;P=4.706690 Y=177.540955 R=3.128045;X=-40.725 Y=-164.484 Z=-40.757;P=-5.422091 Y=0.511806 R=-173.248840;X=-61.430 Y=-162.350 Z=13.180;P=-61.870342 Y=9.455894 R=-21.925457;0;0;X=-62.899 Y=-162.303 Z=13.459;X=0.558 Y=0.046 Z=-0.829
0:42:302;None;None;X=-25.527 Y=-153.226 Z=-45.107;P=23.123617 Y=175.281708 R=-0.576560;X=-29.545 Y=-160.647 Z=-46.198;P=-13.399348 Y=1.773421 R=176.757935;X=-49.449 Y=-162.229 Z=6.945;P=-66.567894 Y=10.286732 R=-26.272806;0;0;X=-49.960 Y=-162.258 Z=6.855;X=0.453 Y=0.060 Z=-0.889
0:42:802;None;None;X=-23.650 Y=-156.933 Z=-49.854;P=29.303436 Y=166.867188 R=-6.011517;X=-26.842 Y=-156.537 Z=-49.844;P=-18.760998 Y=6.431649 R=167.890350;X=-43.825 Y=-161.764 Z=3.221;P=-71.132538 Y=10.933149 R=-28.429121;0;0;X=-43.741 Y=-161.491 Z=2.509;X=0.412 Y=0.071 Z=-0.908
0:43:302;None;None;X=-25.248 Y=-156.367 Z=-46.357;P=23.722530 Y=166.223251 R=-8.469651;X=-28.767 Y=-153.314 Z=-47.643;P=-19.117029 Y=9.528361 R=167.218887;X=-44.769 Y=-160.910 Z=4.720;P=-70.994354 Y=11.164896 R=-27.400513;0;0;X=-43.903 Y=-160.625 Z=3.363;X=0.384 Y=-0.030 Z=-0.923
0:43:804;None;None;X=-34.932 Y=-151.976 Z=-44.668;P=23.300049 Y=176.060165 R=-9.318839;X=-37.624 Y=-148.367 Z=-45.324;P=-16.580086 Y=8.648319 R=160.873016;X=-47.958 Y=-159.251 Z=8.759;P=-68.689926 Y=11.786620 R=-24.707247;0;0;X=-47.584 Y=-159.191 Z=7.588;X=0.429 Y=0.075 Z=-0.900
0:44:302;None;None;X=-10.292 Y=-154.708 Z=-52.283;P=20.761192 Y=152.160690 R=30.713566;X=-50.249 Y=-159.179 Z=-54.842;P=-34.943954 Y=-11.811898 R=173.017670;X=-41.670 Y=-158.975 Z=-0.127;P=-72.448608 Y=1.888280 R=-21.845064;0;0;X=-41.806 Y=-158.746 Z=0.158;X=0.403 Y=0.039 Z=-0.914
0:44:802;None;None;X=-28.872 Y=-149.673 Z=-54.560;P=39.030266 Y=132.223358 R=36.867756;X=-53.951 Y=-164.523 Z=-52.229;P=-35.362999 Y=-21.639868 R=176.929611;X=-44.975 Y=-159.682 Z=3.589;P=-74.835121 Y=5.717509 R=-25.362637;0;0;X=-43.763 Y=-159.317 Z=2.335;X=0.352 Y=0.009 Z=-0.936
0:45:300;spoon;None;X=-52.255 Y=-150.243 Z=-53.042;P=24.639284 Y=128.803467 R=40.317142;X=-51.974 Y=-165.578 Z=-50.933;P=-27.427011 Y=-10.812326 R=-170.163925;X=-50.858 Y=-159.804 Z=4.667;P=-75.406517 Y=17.616024 R=-31.737278;0;0;X=-50.022 Y=-160.000 Z=4.036;X=0.249 Y=0.029 Z=-0.968
0:45:800;None;None;X=-46.989 Y=-147.164 Z=-53.106;P=25.916639 Y=173.495483 R=24.254526;X=-50.311 Y=-152.814 Z=-54.247;P=-34.160839 Y=1.239566 R=178.750519;X=-52.632 Y=-156.948 Z=4.621;P=-76.539749 Y=17.643866 R=-28.610168;0;0;X=-52.550 Y=-157.169 Z=3.579;X=0.245 Y=0.068 Z=-0.967
0:46:299;None;None;X=-44.338 Y=-145.278 Z=-50.915;P=27.499420 Y=175.900970 R=15.416384;X=-49.761 Y=-146.433 Z=-54.180;P=-48.960289 Y=4.789655 R=154.695084;X=-51.798 Y=-157.652 Z=3.395;P=-81.666039 Y=38.204227 R=-47.273811;0;0;X=-51.840 Y=-157.625 Z=2.706;X=0.214 Y=0.073 Z=-0.974
0:46:799;None;None;X=-48.347 Y=-136.319 Z=-52.810;P=22.461159 Y=-157.774841 R=28.708406;X=-47.293 Y=-158.946 Z=-52.549;P=-25.296423 Y=-0.364355 R=-172.833588;X=-50.762 Y=-155.304 Z=3.818;P=-80.069389 Y=44.148422 R=-41.439102;0;0;X=-50.424 Y=-155.278 Z=3.362;X=0.198 Y=0.194 Z=-0.961
0:47:300;spoon;None;X=-48.653 Y=-139.760 Z=-54.386;P=43.371113 Y=-138.101776 R=13.855277;X=-31.032 Y=-149.679 Z=-57.897;P=-24.758240 Y=63.435024 R=-96.889145;X=-50.552 Y=-152.394 Z=2.172;P=-81.544121 Y=45.197365 R=-35.557415;0;0;X=-50.443 Y=-152.107 Z=1.210;X=0.201 Y=0.137 Z=-0.970
0:47:800;None;None;X=-36.881 Y=-139.292 Z=-47.514;P=33.997662 Y=-151.962982 R=6.668045;X=-46.318 Y=-153.248 Z=-55.717;P=-26.028709 Y=12.618794 R=-168.235367;X=-51.515 Y=-157.158 Z=5.259;P=-78.073166 Y=41.817444 R=-39.042416;0;0;X=-51.049 Y=-156.191 Z=4.260;X=0.202 Y=0.162 Z=-0.966
0:48:300;None;None;X=-43.334 Y=-138.259 Z=-45.508;P=37.922829 Y=-162.685623 R=29.203135;X=-51.542 Y=-150.091 Z=-52.581;P=-34.782082 Y=1.737581 R=174.306900;X=-53.736 Y=-159.212 Z=6.415;P=-76.273605 Y=52.253426 R=-53.281467;0;0;X=-53.253 Y=-159.061 Z=5.468;X=0.166 Y=0.270 Z=-0.948
0:48:801;None;None;X=-46.680 Y=-142.520 Z=-49.866;P=32.941002 Y=-171.030380 R=11.497363;X=-46.620 Y=-145.971 Z=-50.773;P=-41.957546 Y=23.806465 R=140.181702;X=-57.328 Y=-158.523 Z=5.876;P=-77.525215 Y=57.449223 R=-53.997162;0;0;X=-56.779 Y=-157.784 Z=4.545;X=0.228 Y=0.225 Z=-0.947
0:49:299;None;None;X=-49.265 Y=-147.157 Z=-38.752;P=28.127851 Y=-176.717834 R=4.362481;X=-51.521 Y=-151.531 Z=-39.762;P=-34.435886 Y=16.574741 R=135.121902;X=-61.125 Y=-161.829 Z=11.765;P=-72.698288 Y=32.770287 R=-34.327641;0;0;X=-60.433 Y=-160.824 Z=10.448;X=0.322 Y=0.188 Z=-0.928
0:49:801;None;None;X=-43.317 Y=-142.793 Z=-48.931;P=5.678503 Y=176.287079 R=63.522217;X=-46.965 Y=-158.116 Z=-50.662;P=-10.862930 Y=6.154259 R=-150.024094;X=-59.051 Y=-159.808 Z=9.421;P=-75.711304 Y=34.983852 R=-38.250668;0;0;X=-59.156 Y=-159.701 Z=8.918;X=0.277 Y=0.192 Z=-0.942
0:50:301;spoon;None;X=-40.815 Y=-142.737 Z=-46.457;P=3.032590 Y=174.832031 R=58.332573;X=-58.071 Y=-163.273 Z=-52.145;P=-26.998896 Y=0.360299 R=-161.291992;X=-59.923 Y=-162.648 Z=10.266;P=-74.054520 Y=31.086403 R=-37.523327;0;0;X=-59.302 Y=-161.398 Z=8.865;X=0.321 Y=0.225 Z=-0.920
0:50:801;spoon;None;X=-38.996 Y=-148.362 Z=-35.559;P=3.091815 Y=158.610214 R=49.513092;X=-46.289 Y=-159.118 Z=-50.954;P=-25.523821 Y=0.965753 R=-166.691635;X=-58.763 Y=-166.035 Z=9.465;P=-70.789619 Y=34.271667 R=-45.995384;0;0;X=-59.146 Y=-164.830 Z=9.588;X=0.343 Y=0.250 Z=-0.905
0:51:301;spoon;None;X=-32.227 Y=-149.135 Z=-44.588;P=15.935862 Y=150.465897 R=46.717560;X=-42.596 Y=-152.023 Z=-53.605;P=-34.208271 Y=18.096270 R=160.308044;X=-51.791 Y=-164.032 Z=4.155;P=-76.041191 Y=47.547085 R=-64.388306;0;0;X=-52.143 Y=-163.596 Z=3.799;X=0.288 Y=0.212 Z=-0.934
0:51:801;spoon;None;X=-27.615 Y=-150.351 Z=-55.654;P=35.785942 Y=138.820404 R=46.387260;X=-49.154 Y=-152.213 Z=-55.520;P=-44.152626 Y=13.798951 R=150.139175;X=-47.683 Y=-162.738 Z=2.356;P=-77.703796 Y=34.879532 R=-56.025715;0;0;X=-47.359 Y=-162.067 Z=1.378;X=0.302 Y=0.122 Z=-0.946
0:52:301;spoon;None;X=-39.123 Y=-149.465 Z=-38.073;P=33.345085 Y=122.548912 R=27.797459;X=-57.796 Y=-159.380 Z=-52.512;P=-41.591881 Y=0.872497 R=160.321411;X=-54.937 Y=-162.572 Z=7.555;P=-75.287453 Y=35.818470 R=-56.171173;0;0;X=-53.571 Y=-162.094 Z=6.351;X=0.326 Y=0.138 Z=-0.935
0:52:800;spoon;None;X=-36.610 Y=-149.454 Z=-45.988;P=40.855503 Y=103.074989 R=18.156273;X=-64.706 Y=-156.250 Z=-51.785;P=-50.550896 Y=-26.792419 R=166.189941;X=-55.273 Y=-154.940 Z=7.495;P=-80.770851 Y=-4.304248 R=-32.497089;0;0;X=-55.058 Y=-155.361 Z=6.970;X=0.290 Y=0.066 Z=-0.955
0:53:301;None;None;X=-33.296 Y=-145.796 Z=-49.275;P=44.553898 Y=118.491058 R=49.404816;X=-64.431 Y=-155.098 Z=-51.776;P=-45.151863 Y=-30.642570 R=171.471085;X=-55.868 Y=-151.224 Z=7.285;P=-80.827751 Y=-15.522989 R=-22.433983;0;0;X=-55.287 Y=-151.131 Z=6.296;X=0.273 Y=-0.012 Z=-0.962
0:53:801;None;None;X=-37.255 Y=-138.591 Z=-25.363;P=19.438833 Y=121.441071 R=71.245316;X=-72.563 Y=-158.411 Z=-43.640;P=-38.251118 Y=-30.128403 R=177.685242;X=-57.739 Y=-150.824 Z=12.772;P=-75.069633 Y=-22.616407 R=-14.293447;0;0;X=-56.481 Y=-150.375 Z=9.932;X=0.340 Y=-0.052 Z=-0.939
0:54:301;None;None;X=-67.667 Y=-161.384 Z=-27.675;P=11.716444 Y=120.044243 R=35.141338;X=-78.669 Y=-168.596 Z=-31.287;P=-21.387247 Y=-25.618992 R=169.833618;X=-73.326 Y=-158.147 Z=19.592;P=-56.955505 Y=-15.752123 R=-4.256410;0;0;X=-69.809 Y=-156.196 Z=19.029;X=0.588 Y=-0.098 Z=-0.803
0:54:801;None;None;X=-85.401 Y=-173.290 Z=-24.576;P=15.530818 Y=120.164139 R=22.824669;X=-85.375 Y=-187.559 Z=-25.713;P=-22.426535 Y=-10.798170 R=153.361572;X=-87.957 Y=-171.298 Z=21.049;P=-60.812531 Y=11.383587 R=-16.993914;0;0;X=-87.201 Y=-170.209 Z=19.968;X=0.537 Y=0.230 Z=-0.812
0:55:301;None;None;X=-85.784 Y=-187.165 Z=-24.335;P=15.512609 Y=123.348152 R=32.760387;X=-84.907 Y=-196.593 Z=-21.690;P=-14.661171 Y=7.344885 R=157.357742;X=-86.786 Y=-187.513 Z=20.671;P=-54.086327 Y=17.072807 R=-10.503767;0;0;X=-86.040 Y=-183.322 Z=20.070;X=0.574 Y=0.294 Z=-0.764
0:55:800;None;None;X=-83.806 Y=-212.447 Z=-20.728;P=5.525138 Y=147.800842 R=22.931108;X=-79.294 Y=-228.983 Z=-13.395;P=-0.157210 Y=11.320683 R=166.168961;X=-86.435 Y=-210.827 Z=24.865;P=-50.074604 Y=12.476806 R=-2.053620;0;0;X=-86.131 Y=-209.785 Z=23.778;X=0.719 Y=0.133 Z=-0.682
0:56:301;None;None;X=-71.985 Y=-211.405 Z=-22.422;P=1.983384 Y=157.410294 R=29.300953;X=-68.552 Y=-223.911 Z=-15.927;P=-9.389659 Y=35.755733 R=163.153259;X=-74.343 Y=-211.237 Z=25.478;P=-46.027096 Y=9.871449 R=3.746992;0;0;X=-75.676 Y=-210.964 Z=24.545;X=0.741 Y=0.181 Z=-0.647
0:56:801;None;None;X=-52.358 Y=-217.436 Z=-21.308;P=-0.644292 Y=156.454544 R=23.436333;X=-46.078 Y=-228.762 Z=-18.144;P=-7.033257 Y=35.327888 R=166.766586;X=-53.416 Y=-218.513 Z=22.099;P=-52.234940 Y=18.169289 R=-1.650421;0;0;X=-56.408 Y=-215.844 Z=22.364;X=0.679 Y=0.328 Z=-0.656
0:57:302;None;None;X=-29.848 Y=-237.720 Z=-28.180;P=1.322263 Y=159.421341 R=27.522263;X=-2.450 Y=-241.144 Z=-11.875;P=14.097312 Y=31.520683 R=-178.175827;X=-23.145 Y=-232.620 Z=22.069;P=-58.471069 Y=40.593563 R=-4.923795;0;0;X=-25.177 Y=-232.445 Z=21.516;X=0.540 Y=0.457 Z=-0.707
0:57:800;None;None;X=-23.352 Y=-233.089 Z=-21.236;P=1.314613 Y=159.469894 R=27.364792;X=14.928 Y=-223.607 Z=-19.274;P=22.670380 Y=45.316776 R=-167.731155;X=-5.361 Y=-222.933 Z=17.172;P=-65.939491 Y=41.731709 R=11.896102;0;0;X=-7.015 Y=-223.857 Z=16.494;X=0.331 Y=0.437 Z=-0.836
0:58:299;None;None;X=0.184 Y=-219.531 Z=-22.185;P=29.572012 Y=-147.214523 R=33.853378;X=28.808 Y=-203.917 Z=-43.103;P=0.236755 Y=81.428917 R=-138.781952;X=13.064 Y=-212.382 Z=15.090;P=-72.136238 Y=68.297951 R=1.249956;0;0;X=11.451 Y=-213.226 Z=14.911;X=0.191 Y=0.308 Z=-0.932
0:58:800;None;None;X=0.184 Y=-219.531 Z=-22.185;P=29.572012 Y=-147.214523 R=33.853378;X=23.434 Y=-189.885 Z=-57.500;P=-22.367817 Y=103.548943 R=-120.900490;X=18.365 Y=-204.517 Z=8.535;P=-76.043777 Y=92.288284 R=-14.835438;0;0;X=17.935 Y=-204.852 Z=8.170;X=-0.052 Y=0.267 Z=-0.962
0:59:301;None;None;X=1.264 Y=-222.559 Z=-25.296;P=46.684498 Y=-120.373497 R=29.925171;X=14.274 Y=-195.478 Z=-55.535;P=-19.715429 Y=113.167618 R=-131.474579;X=15.965 Y=-204.301 Z=9.008;P=-76.171394 Y=92.969551 R=-12.965842;0;0;X=16.210 Y=-203.494 Z=7.576;X=0.026 Y=0.293 Z=-0.956
0:59:800;None;None;X=1.267 Y=-222.560 Z=-25.294;P=46.686443 Y=-120.386871 R=29.885080;X=14.573 Y=-211.239 Z=-39.783;P=-26.546846 Y=98.693756 R=-179.029282;X=11.251 Y=-213.019 Z=13.858;P=-76.262474 Y=88.676994 R=-8.406371;0;0;X=12.048 Y=-210.753 Z=12.288;X=-0.054 Y=0.259 Z=-0.964
1:0:300;None;None;X=1.267 Y=-222.560 Z=-25.294;P=46.686443 Y=-120.386871 R=29.885080;X=13.725 Y=-225.617 Z=-35.781;P=-18.013517 Y=77.789650 R=-159.714951;X=-3.666 Y=-229.120 Z=18.644;P=-63.194996 Y=62.750141 R=4.389046;0;0;X=-2.143 Y=-226.898 Z=17.318;X=0.298 Y=0.373 Z=-0.878
1:0:799;None;None;X=-19.618 Y=-235.712 Z=-25.659;P=22.177248 Y=-138.057510 R=32.844727;X=15.596 Y=-235.759 Z=-23.572;P=-3.997819 Y=66.007446 R=-156.725449;X=-10.746 Y=-242.367 Z=20.568;P=-57.955845 Y=68.084763 R=4.167922;0;0;X=-10.754 Y=-239.326 Z=19.750;X=0.275 Y=0.602 Z=-0.750
1:1:301;None;None;X=-13.832 Y=-256.303 Z=-22.053;P=15.058552 Y=-121.092743 R=28.714027;X=16.364 Y=-251.699 Z=-23.019;P=2.839767 Y=77.117416 R=-162.355972;X=-4.675 Y=-263.804 Z=22.030;P=-54.688225 Y=79.234161 R=-3.680579;0;0;X=-5.131 Y=-260.694 Z=20.680;X=0.133 Y=0.669 Z=-0.731
1:1:802;None;None;X=-14.584 Y=-243.701 Z=-25.116;P=30.215389 Y=-113.384415 R=-56.941349;X=10.639 Y=-255.857 Z=-30.487;P=-25.988008 Y=88.337494 R=172.335236;X=-8.128 Y=-277.879 Z=21.701;P=-55.463497 Y=75.664154 R=-3.299900;0;0;X=-7.459 Y=-276.581 Z=21.850;X=0.116 Y=0.625 Z=-0.772
1:2:300;None;None;X=-22.545 Y=-251.700 Z=-27.375;P=27.506687 Y=-113.480911 R=-57.417114;X=6.453 Y=-262.347 Z=-32.186;P=-26.926941 Y=74.091721 R=156.069763;X=-16.366 Y=-278.639 Z=23.196;P=-48.822926 Y=69.382851 R=-2.808872;0;0;X=-15.387 Y=-278.069 Z=22.527;X=0.185 Y=0.648 Z=-0.738
1:2:800;None;None;X=-11.859 Y=-238.728 Z=-36.768;P=30.669188 Y=-116.198822 R=-55.161060;X=4.673 Y=-246.682 Z=-40.759;P=-30.892958 Y=71.501617 R=135.155685;X=-12.066 Y=-265.183 Z=13.160;P=-56.486076 Y=68.858650 R=-4.498599;0;0;X=-12.644 Y=-267.044 Z=14.207;X=0.242 Y=0.573 Z=-0.783
1:3:301;None;None;X=-5.529 Y=-223.258 Z=-45.031;P=36.050369 Y=-111.035027 R=-73.796013;X=9.588 Y=-229.775 Z=-47.275;P=-32.945095 Y=71.632332 R=115.905998;X=-7.159 Y=-253.225 Z=4.566;P=-59.638927 Y=68.888000 R=-5.717841;0;0;X=-7.187 Y=-253.248 Z=3.669;X=0.190 Y=0.505 Z=-0.842
1:3:797;knife;knife;X=-4.400 Y=-222.545 Z=-33.924;P=27.473574 Y=-113.054214 R=-80.731621;X=10.290 Y=-229.195 Z=-33.655;P=-21.278879 Y=72.420250 R=109.174820;X=-8.332 Y=-252.192 Z=10.958;P=-58.463501 Y=70.504089 R=-3.731024;0;0;X=-8.132 Y=-251.622 Z=9.485;X=0.190 Y=0.490 Z=-0.851
1:4:299;knife;None;X=-5.310 Y=-218.389 Z=-24.930;P=23.661945 Y=-111.172302 R=-90.633942;X=8.809 Y=-222.785 Z=-25.142;P=-15.217927 Y=75.548920 R=111.792847;X=-8.687 Y=-247.562 Z=16.738;P=-57.651112 Y=77.127586 R=-3.153562;0;0;X=-8.533 Y=-247.829 Z=15.315;X=0.180 Y=0.534 Z=-0.826
1:4:799;None;None;X=-10.858 Y=-209.757 Z=-21.852;P=21.928341 Y=-109.167458 R=-94.606323;X=4.992 Y=-210.637 Z=-19.883;P=-13.061595 Y=79.860107 R=115.366669;X=-14.506 Y=-237.251 Z=19.440;P=-56.031124 Y=80.118896 R=-2.093017;0;0;X=-12.811 Y=-238.385 Z=18.355;X=0.020 Y=0.607 Z=-0.794
1:5:301;None;None;X=-23.320 Y=-195.498 Z=-23.237;P=20.657927 Y=-120.936089 R=-101.844955;X=-6.503 Y=-198.394 Z=-19.278;P=-8.935335 Y=72.235161 R=119.543495;X=-31.597 Y=-218.501 Z=19.189;P=-56.532459 Y=66.871574 R=2.480201;0;0;X=-30.038 Y=-219.809 Z=18.596;X=0.037 Y=0.633 Z=-0.774
1:5:800;None;None;X=-29.874 Y=-182.652 Z=-24.314;P=22.265842 Y=-123.801979 R=-98.360435;X=-14.063 Y=-185.924 Z=-20.994;P=-10.375651 Y=68.299156 R=114.110313;X=-35.705 Y=-206.113 Z=18.447;P=-63.838387 Y=62.279316 R=0.380144;0;0;X=0.000 Y=0.000 Z=0.000;X=0.000 Y=0.000 Z=0.000
1:6:299;None;None;X=-37.448 Y=-170.085 Z=-26.522;P=26.852190 Y=-123.215706 R=-98.751640;X=-20.094 Y=-171.453 Z=-22.876;P=-12.490407 Y=71.227066 R=114.238556;X=-42.009 Y=-188.425 Z=17.843;P=-61.972572 Y=71.337509 R=-8.211380;0;0;X=-41.235 Y=-190.472 Z=17.495;X=0.096 Y=0.448 Z=-0.889
1:6:799;None;None;X=-42.803 Y=-151.811 Z=-32.375;P=28.739836 Y=-131.016159 R=-90.843323;X=-24.926 Y=-159.521 Z=-30.408;P=-18.515167 Y=58.864445 R=115.348587;X=-47.959 Y=-172.201 Z=11.516;P=-74.296448 Y=50.256908 R=6.674224;0;0;X=-45.122 Y=-174.678 Z=11.984;X=0.221 Y=0.299 Z=-0.928
1:7:299;None;None;X=-43.316 Y=-145.149 Z=-37.897;P=28.148718 Y=-123.407852 R=-67.905052;X=-24.719 Y=-154.281 Z=-38.019;P=-20.090666 Y=59.084370 R=117.199211;X=-46.220 Y=-165.818 Z=5.075;P=-74.167725 Y=54.767265 R=0.442191;0;0;X=-45.429 Y=-166.488 Z=4.507;X=0.256 Y=0.279 Z=-0.925
1:7:799;None;None;X=-45.978 Y=-140.714 Z=-41.961;P=29.426571 Y=-116.256699 R=-57.755878;X=-27.637 Y=-153.830 Z=-45.957;P=-27.413298 Y=59.050083 R=127.079750;X=-45.079 Y=-164.805 Z=3.105;P=-73.729904 Y=56.632259 R=-0.395286;0;0;X=-45.007 Y=-164.639 Z=2.413;X=0.209 Y=0.262 Z=-0.942
1:8:299;None;None;X=-44.907 Y=-142.134 Z=-43.177;P=31.852551 Y=-120.572021 R=-58.982349;X=-32.037 Y=-150.368 Z=-48.525;P=-34.416470 Y=60.598351 R=126.224022;X=-45.046 Y=-163.301 Z=1.974;P=-74.231247 Y=62.902493 R=-6.362976;0;0;X=-45.006 Y=-163.295 Z=1.109;X=0.181 Y=0.235 Z=-0.955
1:8:799;None;None;X=-45.425 Y=-140.344 Z=-46.172;P=31.333921 Y=-120.203758 R=-53.650055;X=-28.222 Y=-154.279 Z=-50.330;P=-37.129047 Y=50.209518 R=139.543533;X=-44.266 Y=-162.198 Z=1.053;P=-75.944305 Y=58.819412 R=-4.110148;0;0;X=-44.072 Y=-162.107 Z=-0.102;X=0.164 Y=0.217 Z=-0.962
1:9:299;None;None;X=-52.357 Y=-144.684 Z=-36.455;P=26.834501 Y=-131.125168 R=-45.527390;X=-28.895 Y=-183.639 Z=-32.692;P=-23.953541 Y=46.484890 R=-157.178268;X=-44.969 Y=-166.302 Z=9.844;P=-69.292023 Y=51.241409 R=2.450673;0;0;X=-44.834 Y=-164.593 Z=6.821;X=0.171 Y=0.239 Z=-0.956
1:9:800;None;None;X=-52.358 Y=-184.364 Z=-34.918;P=43.565079 Y=-149.130295 R=-59.638866;X=-35.755 Y=-202.861 Z=-29.394;P=-22.275520 Y=63.090092 R=-162.909988;X=-39.306 Y=-196.522 Z=18.282;P=-62.314079 Y=33.874962 R=11.053747;0;0;X=-37.828 Y=-193.524 Z=17.872;X=0.484 Y=0.246 Z=-0.839
1:10:297;None;None;X=-45.579 Y=-204.606 Z=-25.847;P=30.211584 Y=-130.375610 R=-60.818066;X=-24.165 Y=-226.885 Z=-23.916;P=-18.111290 Y=60.451336 R=-179.114746;X=-38.440 Y=-221.694 Z=23.664;P=-49.970455 Y=41.389267 R=0.863031;0;0;X=-37.417 Y=-219.209 Z=21.751;X=0.562 Y=0.373 Z=-0.738
1:10:798;None;None;X=-44.809 Y=-219.991 Z=-27.512;P=31.412592 Y=-136.605530 R=-64.040291;X=-26.870 Y=-241.757 Z=-24.375;P=-18.311052 Y=64.745750 R=-165.627289;X=-37.273 Y=-235.417 Z=24.362;P=-49.406376 Y=44.992027 R=1.292888;0;0;X=-38.248 Y=-233.115 Z=23.896;X=0.560 Y=0.498 Z=-0.662
1:11:299;None;None;X=-17.257 Y=-222.575 Z=-28.380;P=25.434980 Y=-122.311005 R=-63.536095;X=7.282 Y=-230.918 Z=-30.334;P=-16.780743 Y=59.869759 R=161.648163;X=-16.463 Y=-241.448 Z=22.951;P=-49.836491 Y=60.316120 R=0.673849;0;0;X=-18.361 Y=-241.971 Z=22.610;X=0.367 Y=0.638 Z=-0.677
1:11:799;None;None;X=4.452 Y=-197.388 Z=-36.303;P=29.740145 Y=-113.145393 R=-74.258667;X=22.974 Y=-202.077 Z=-38.137;P=-23.413389 Y=66.398537 R=146.222015;X=0.601 Y=-222.685 Z=15.222;P=-56.252831 Y=71.438095 R=-2.006863;0;0;X=-1.455 Y=-223.917 Z=15.293;X=0.225 Y=0.578 Z=-0.784
1:12:300;fork;None;X=10.832 Y=-185.820 Z=-45.150;P=34.425846 Y=-105.814156 R=-73.508461;X=29.780 Y=-187.008 Z=-45.379;P=-26.083447 Y=78.423462 R=135.674118;X=11.251 Y=-213.085 Z=7.221;P=-58.922722 Y=83.014427 R=-6.621616;0;0;X=10.512 Y=-213.289 Z=7.080;X=0.078 Y=0.518 Z=-0.852
1:12:799;None;fork;X=11.848 Y=-181.602 Z=-34.778;P=24.303211 Y=-105.238312 R=-85.522804;X=28.052 Y=-183.617 Z=-31.165;P=-9.654752 Y=85.237473 R=124.014374;X=11.468 Y=-212.057 Z=12.036;P=-58.111965 Y=84.745827 R=-3.575230;0;0;X=11.699 Y=-211.465 Z=9.986;X=0.038 Y=0.537 Z=-0.843
1:13:300;None;fork;X=8.185 Y=-185.303 Z=-24.611;P=20.105371 Y=-102.706673 R=-91.087654;X=24.311 Y=-185.705 Z=-19.226;P=0.740140 Y=90.102516 R=129.764435;X=9.597 Y=-215.232 Z=19.486;P=-57.089176 Y=91.046875 R=-5.436220;0;0;X=10.688 Y=-214.227 Z=17.711;X=0.102 Y=0.583 Z=-0.806
1:13:801;None;fork;X=1.293 Y=-185.260 Z=-19.223;P=16.379818 Y=-118.958145 R=-105.633949;X=13.558 Y=-189.617 Z=-12.004;P=5.641900 Y=79.696320 R=146.117279;X=-10.309 Y=-215.118 Z=21.714;P=-52.703979 Y=54.261497 R=11.553139;0;0;X=-7.576 Y=-214.941 Z=20.657;X=0.302 Y=0.552 Z=-0.777
1:14:301;None;fork;X=-9.482 Y=-178.037 Z=-18.382;P=17.651817 Y=-124.091415 R=-101.346451;X=1.912 Y=-183.844 Z=-11.032;P=10.781767 Y=67.666527 R=139.112579;X=-17.033 Y=-205.834 Z=21.418;P=-58.324097 Y=75.353745 R=-9.701151;0;0;X=-15.709 Y=-206.767 Z=20.583;X=0.235 Y=0.537 Z=-0.810
1:14:802;None;fork;X=-23.703 Y=-168.823 Z=-21.062;P=20.421671 Y=-130.052216 R=-105.073708;X=-11.601 Y=-177.408 Z=-14.106;P=6.578667 Y=63.544621 R=138.250275;X=-35.556 Y=-191.180 Z=20.023;P=-59.512707 Y=55.952415 R=0.537850;0;0;X=-32.663 Y=-192.812 Z=19.472;X=0.258 Y=0.485 Z=-0.836
1:15:301;None;fork;X=-29.376 Y=-158.866 Z=-21.450;P=26.147902 Y=-147.141953 R=-89.086128;X=-22.961 Y=-176.133 Z=-16.100;P=6.824533 Y=38.816479 R=125.324814;X=-48.002 Y=-180.293 Z=18.583;P=-60.118290 Y=44.060051 R=-7.941267;0;0;X=-45.512 Y=-181.774 Z=17.847;X=0.397 Y=0.343 Z=-0.851
1:15:803;None;fork;X=-33.854 Y=-156.979 Z=-19.263;P=29.869967 Y=-177.230469 R=-87.235748;X=-41.109 Y=-174.150 Z=-14.348;P=5.592757 Y=7.797845 R=130.998245;X=-60.764 Y=-167.933 Z=20.578;P=-58.678345 Y=12.216065 R=-5.861792;0;0;X=-59.792 Y=-168.853 Z=20.345;X=0.499 Y=0.195 Z=-0.844
1:16:301;None;fork;X=-32.571 Y=-151.935 Z=-23.076;P=33.328659 Y=162.724045 R=-77.812019;X=-51.302 Y=-163.428 Z=-17.252;P=6.302495 Y=-12.812283 R=139.748337;X=-63.698 Y=-148.809 Z=17.588;P=-68.992348 Y=-13.481092 R=-4.714632;0;0;X=-63.708 Y=-150.538 Z=16.559;X=0.397 Y=-0.069 Z=-0.915
1:16:804;None;fork;X=-29.079 Y=-157.998 Z=-26.380;P=33.950626 Y=143.398697 R=-61.959373;X=-56.046 Y=-160.420 Z=-22.019;P=-1.496604 Y=-32.191414 R=134.447968;X=-59.096 Y=-148.316 Z=14.823;P=-72.208458 Y=-17.124043 R=-23.976692;0;0;X=-59.664 Y=-148.863 Z=13.955;X=0.294 Y=-0.099 Z=-0.951
1:17:296;None;fork;X=-29.806 Y=-162.205 Z=-30.740;P=34.775284 Y=115.891830 R=-61.692429;X=-56.840 Y=-155.268 Z=-25.567;P=-4.387611 Y=-62.242119 R=134.805588;X=-51.561 Y=-141.277 Z=10.700;P=-78.955421 Y=-27.477468 R=-36.975109;0;0;X=-53.433 Y=-142.515 Z=10.191;X=0.179 Y=-0.115 Z=-0.977
1:17:796;None;fork;X=-19.960 Y=-147.990 Z=-31.838;P=18.356699 Y=119.128616 R=1.915365;X=-54.756 Y=-149.733 Z=-28.363;P=-9.985046 Y=-72.629677 R=132.752991;X=-48.616 Y=-140.311 Z=9.809;P=-78.798386 Y=-48.631458 R=-21.746588;0;0;X=-48.654 Y=-140.611 Z=8.812;X=0.125 Y=-0.214 Z=-0.969
1:18:295;None;fork;X=-35.700 Y=-146.374 Z=-34.026;P=56.128918 Y=122.823814 R=-59.360775;X=-52.936 Y=-148.187 Z=-28.008;P=-9.605765 Y=-68.948586 R=134.927231;X=-46.003 Y=-136.582 Z=9.263;P=-79.206421 Y=-34.311317 R=-28.550598;0;0;X=-45.894 Y=-136.949 Z=8.231;X=0.158 Y=-0.204 Z=-0.966
1:18:795;None;fork;X=-28.041 Y=-150.593 Z=-34.340;P=48.738338 Y=129.084076 R=-46.720116;X=-49.314 Y=-145.516 Z=-32.805;P=-14.052048 Y=-64.976280 R=131.657654;X=-46.332 Y=-135.745 Z=9.080;P=-79.176315 Y=-36.781406 R=-28.232687;0;0;X=-46.231 Y=-135.897 Z=8.185;X=0.141 Y=-0.165 Z=-0.976
1:19:296;None;fork;X=-24.518 Y=-153.461 Z=-32.728;P=37.155331 Y=124.411232 R=-27.672131;X=-50.609 Y=-147.912 Z=-38.002;P=-19.481270 Y=-69.704102 R=125.215462;X=-47.090 Y=-138.784 Z=8.274;P=-74.936272 Y=-48.635345 R=-17.475842;0;0;X=-46.633 Y=-138.345 Z=7.553;X=0.185 Y=-0.157 Z=-0.970
1:19:795;None;None;X=-24.917 Y=-138.674 Z=-33.663;P=27.161987 Y=128.509048 R=1.915949;X=-57.433 Y=-133.351 Z=-48.353;P=-42.074177 Y=-33.484516 R=116.463898;X=-48.812 Y=-137.855 Z=7.765;P=-81.407227 Y=-27.927538 R=-36.303471;0;0;X=-49.268 Y=-138.719 Z=6.837;X=0.162 Y=-0.044 Z=-0.986
1:20:295;None;None;X=-48.286 Y=-129.334 Z=-46.468;P=50.961086 Y=121.858124 R=-19.793900;X=-60.565 Y=-150.693 Z=-47.375;P=-13.731412 Y=-63.629375 R=-142.518265;X=-50.898 Y=-132.414 Z=9.623;P=-78.274094 Y=-62.286015 R=11.957849;0;0;X=-52.756 Y=-134.737 Z=8.653;X=0.144 Y=-0.182 Z=-0.973
1:20:797;None;fork;X=-48.293 Y=-135.015 Z=-51.070;P=45.668488 Y=146.089111 R=3.314052;X=-53.408 Y=-150.141 Z=-60.223;P=-14.303905 Y=-35.344429 R=-121.003258;X=-53.943 Y=-140.717 Z=6.393;P=-82.983276 Y=-11.929966 R=-29.628359;0;0;X=-55.626 Y=-142.705 Z=5.287;X=0.169 Y=-0.071 Z=-0.983
1:21:296;None;None;X=-53.606 Y=-128.211 Z=-45.127;P=34.266796 Y=162.051117 R=26.376808;X=-65.030 Y=-146.841 Z=-50.864;P=-33.729347 Y=-42.480946 R=-142.006012;X=-57.329 Y=-140.872 Z=13.990;P=-72.021461 Y=-18.241892 R=-13.449147;0;0;X=-56.689 Y=-141.366 Z=12.458;X=0.303 Y=-0.041 Z=-0.952
1:21:795;None;None;X=-59.194 Y=-123.346 Z=-47.386;P=30.845495 Y=173.784256 R=40.123604;X=-73.697 Y=-147.973 Z=-52.192;P=-44.472809 Y=-18.022291 R=-146.533798;X=-63.503 Y=-141.429 Z=15.067;P=-72.208046 Y=-6.174382 R=-18.804562;0;0;X=-62.153 Y=-141.478 Z=13.875;X=0.332 Y=-0.043 Z=-0.942
1:22:297;None;None;X=-71.392 Y=-128.110 Z=-35.675;P=13.034671 Y=140.232361 R=12.665994;X=-89.441 Y=-147.614 Z=-32.041;P=-36.779984 Y=-16.363096 R=-143.407684;X=-76.967 Y=-133.193 Z=24.030;P=-48.297573 Y=-30.436773 R=4.459751;0;0;X=-74.627 Y=-133.970 Z=22.743;X=0.657 Y=-0.322 Z=-0.682
1:22:796;None;None;X=-85.953 Y=-136.728 Z=-35.720;P=10.059810 Y=144.002838 R=19.713703;X=-96.098 Y=-160.732 Z=-32.466;P=-27.753769 Y=-6.795992 R=-144.748108;X=-93.988 Y=-146.352 Z=25.697;P=-43.119495 Y=-19.757048 R=-1.878326;0;0;X=-91.602 Y=-143.631 Z=25.049;X=0.665 Y=-0.356 Z=-0.656
1:23:298;None;None;X=-93.547 Y=-159.314 Z=-35.005;P=9.803131 Y=144.843781 R=25.277843;X=-106.932 Y=-180.891 Z=-30.608;P=-28.637459 Y=-5.366990 R=-138.432434;X=-103.085 Y=-162.299 Z=27.766;P=-39.986298 Y=-13.026968 R=-3.112214;0;0;X=-101.621 Y=-162.092 Z=27.120;X=0.851 Y=-0.090 Z=-0.517
1:23:795;None;None;X=-98.652 Y=-137.010 Z=-48.879;P=24.738644 Y=-174.871307 R=35.848671;X=-98.090 Y=-170.388 Z=-28.686;P=-19.358374 Y=13.672254 R=-141.812714;X=-101.562 Y=-158.129 Z=27.058;P=-43.144775 Y=-2.738739 R=-3.640657;0;0;X=-101.054 Y=-161.380 Z=27.282;X=0.771 Y=-0.184 Z=-0.609
1:24:296;None;None;X=-98.652 Y=-137.010 Z=-48.879;P=24.738644 Y=-174.871307 R=35.848671;X=-94.236 Y=-170.927 Z=-28.639;P=-22.055103 Y=18.808472 R=-137.527634;X=-101.927 Y=-158.922 Z=26.834;P=-42.054588 Y=-4.927738 R=-0.649261;0;0;X=-100.655 Y=-157.237 Z=26.099;X=0.811 Y=-0.257 Z=-0.526
1:24:796;None;None;X=-100.031 Y=-144.250 Z=-46.260;P=46.183937 Y=-131.405106 R=19.763258;X=-102.447 Y=-189.896 Z=-28.761;P=-22.274237 Y=19.438562 R=-137.601105;X=-107.999 Y=-174.364 Z=27.680;P=-39.293186 Y=-2.050446 R=-2.219208;0;0;X=-106.553 Y=-172.872 Z=27.340;X=0.847 Y=0.017 Z=-0.531
1:25:295;None;None;X=-100.031 Y=-144.250 Z=-46.260;P=46.183937 Y=-131.405106 R=19.763258;X=-109.335 Y=-200.748 Z=-31.915;P=-26.329046 Y=14.455313 R=-137.696732;X=-103.470 Y=-184.137 Z=25.891;P=-44.488274 Y=12.564919 R=-7.227455;0;0;X=0.000 Y=0.000 Z=0.000;X=0.000 Y=0.000 Z=0.000
1:25:796;None;None;X=-100.031 Y=-144.250 Z=-46.260;P=46.183937 Y=-131.405106 R=19.763258;X=-86.902 Y=-205.373 Z=-26.227;P=-22.324949 Y=16.706045 R=-134.381058;X=-89.601 Y=-188.229 Z=23.562;P=-54.002441 Y=-12.588277 R=1.026654;0;0;X=-90.269 Y=-187.687 Z=22.707;X=0.739 Y=-0.173 Z=-0.651
1:26:296;None;None;X=-100.031 Y=-144.250 Z=-46.260;P=46.183937 Y=-131.405106 R=19.763258;X=-76.513 Y=-216.248 Z=-31.518;P=-25.028400 Y=19.679510 R=-138.694473;X=-80.671 Y=-204.030 Z=23.977;P=-51.410606 Y=14.076469 R=-11.239976;0;0;X=-81.033 Y=-201.089 Z=23.389;X=0.668 Y=0.109 Z=-0.736
1:26:797;None;None;X=-100.031 Y=-144.250 Z=-46.260;P=46.183937 Y=-131.405106 R=19.763258;X=-58.378 Y=-233.188 Z=-26.554;P=-22.746441 Y=33.113331 R=-145.329041;X=-68.573 Y=-216.606 Z=25.689;P=-45.906490 Y=26.004000 R=-6.703650;0;0;X=-69.469 Y=-216.374 Z=24.803;X=0.716 Y=0.318 Z=-0.622
1:27:299;None;None;X=-100.031 Y=-144.250 Z=-46.260;P=46.183937 Y=-131.405106 R=19.763258;X=-37.650 Y=-224.762 Z=-25.056;P=-20.670815 Y=40.105232 R=-147.715958;X=-49.001 Y=-210.384 Z=24.545;P=-45.451271 Y=19.036190 R=0.921622;0;0;X=-50.274 Y=-211.035 Z=24.760;X=0.688 Y=0.262 Z=-0.677
1:27:800;None;None;X=-11.409 Y=-187.149 Z=-32.442;P=-11.636647 Y=-139.562225 R=22.381971;X=1.910 Y=-210.777 Z=-32.053;P=-0.280120 Y=29.546202 R=-163.726059;X=-21.608 Y=-206.974 Z=19.362;P=-50.351147 Y=29.673954 R=-2.960970;0;0;X=0.000 Y=0.000 Z=0.000;X=0.000 Y=0.000 Z=0.000
1:28:299;None;None;X=-0.091 Y=-184.544 Z=-37.284;P=-7.815368 Y=-143.020279 R=22.902348;X=10.196 Y=-205.364 Z=-37.420;P=-1.760741 Y=35.855659 R=-161.166672;X=-13.424 Y=-203.793 Z=11.284;P=-81.755371 Y=56.448471 R=-23.099689;0;0;X=-11.148 Y=-206.250 Z=10.823;X=0.332 Y=0.306 Z=-0.892
1:28:800;None;None;X=7.796 Y=-181.981 Z=-47.905;P=-0.804699 Y=-144.155151 R=17.620325;X=15.658 Y=-197.802 Z=-46.107;P=-8.697515 Y=34.287071 R=-168.408386;X=-4.701 Y=-199.638 Z=2.481;P=-73.743790 Y=35.174282 R=-6.169529;0;0;X=-5.130 Y=-199.432 Z=2.897;X=0.325 Y=0.253 Z=-0.911
1:29:300;None;bowl;X=10.821 Y=-182.659 Z=-55.264;P=7.537161 Y=-142.074081 R=10.336294;X=16.307 Y=-194.467 Z=-55.186;P=-19.281677 Y=33.018139 R=179.793503;X=-1.252 Y=-197.478 Z=-3.809;P=-75.171051 Y=34.673447 R=-5.233881;0;0;X=-1.461 Y=-196.892 Z=-4.326;X=0.333 Y=0.244 Z=-0.911
1:29:801;None;None;X=11.257 Y=-183.771 Z=-53.537;P=8.097681 Y=-138.638107 R=10.911704;X=15.312 Y=-192.078 Z=-52.285;P=-20.211969 Y=33.702370 R=171.005768;X=-2.170 Y=-197.439 Z=-3.032;P=-74.763016 Y=35.386730 R=-4.648130;0;0;X=-1.656 Y=-196.825 Z=-4.489;X=0.333 Y=0.243 Z=-0.911
1:30:301;None;None;X=8.028 Y=-187.927 Z=-43.447;P=5.905408 Y=-140.114548 R=-7.088438;X=12.675 Y=-194.546 Z=-43.485;P=-12.878826 Y=31.910437 R=172.181641;X=-8.576 Y=-199.258 Z=4.464;P=-69.248436 Y=33.454502 R=-0.516817;0;0;X=-7.413 Y=-198.374 Z=2.714;X=0.364 Y=0.226 Z=-0.903
1:30:801;None;None;X=0.830 Y=-192.037 Z=-39.162;P=3.189172 Y=-141.255020 R=-5.326315;X=3.624 Y=-200.886 Z=-39.481;P=-13.276425 Y=32.003941 R=171.314331;X=-16.271 Y=-202.779 Z=10.095;P=-69.720032 Y=23.939939 R=8.066497;0;0;X=-13.783 Y=-204.061 Z=8.996;X=0.429 Y=0.094 Z=-0.898
1:31:301;None;None;X=-8.396 Y=-193.424 Z=-36.499;P=4.305396 Y=-139.595047 R=-7.630415;X=-3.126 Y=-200.606 Z=-36.363;P=-13.421997 Y=31.786827 R=168.119507;X=-26.363 Y=-202.911 Z=13.658;P=-67.757523 Y=27.578163 R=8.467717;0;0;X=-24.014 Y=-203.234 Z=12.398;X=0.394 Y=0.138 Z=-0.909
1:31:803;None;None;X=-25.064 Y=-186.213 Z=-35.183;P=4.675592 Y=-136.292969 R=-12.817010;X=-21.314 Y=-189.070 Z=-34.352;P=-10.051764 Y=42.448265 R=170.300430;X=-42.558 Y=-197.562 Z=15.117;P=-63.945053 Y=27.737717 R=9.800147;0;0;X=-41.446 Y=-197.771 Z=14.245;X=0.465 Y=0.148 Z=-0.873
1:32:303;bowl;None;X=-34.700 Y=-175.549 Z=-38.428;P=12.704404 Y=-128.929016 R=-6.759643;X=-33.234 Y=-176.911 Z=-37.219;P=-13.892372 Y=51.052994 R=166.602036;X=-44.037 Y=-188.205 Z=15.197;P=-66.976486 Y=34.096157 R=2.548335;0;0;X=-43.496 Y=-189.989 Z=14.338;X=0.297 Y=0.273 Z=-0.915
1:32:802;bowl;None;X=-38.906 Y=-157.655 Z=-40.489;P=13.435467 Y=-125.409370 R=-4.854453;X=-39.971 Y=-160.347 Z=-40.060;P=-16.795639 Y=62.809547 R=168.583344;X=-48.625 Y=-171.279 Z=12.379;P=-68.919197 Y=41.590965 R=-8.277656;0;0;X=-46.962 Y=-173.421 Z=11.943;X=0.231 Y=0.331 Z=-0.915
1:33:303;None;None;X=-40.570 Y=-145.812 Z=-40.048;P=11.990813 Y=-142.363647 R=-5.293171;X=-42.380 Y=-147.574 Z=-39.088;P=-9.425073 Y=48.861149 R=166.009506;X=-52.301 Y=-159.973 Z=11.236;P=-67.648872 Y=39.062622 R=-13.610594;0;0;X=-52.452 Y=-160.032 Z=10.259;X=0.356 Y=0.315 Z=-0.880
1:33:801;None;None;X=-33.880 Y=-131.355 Z=-37.241;P=5.989379 Y=-148.146027 R=1.354101;X=-33.402 Y=-135.859 Z=-36.506;P=-14.808443 Y=48.161541 R=174.945953;X=-54.462 Y=-146.257 Z=10.040;P=-71.727829 Y=9.875031 R=3.061562;0;0;X=-52.921 Y=-151.349 Z=10.013;X=0.280 Y=0.225 Z=-0.933
1:34:301;None;None;X=-27.674 Y=-129.386 Z=-37.842;P=5.016548 Y=-171.475845 R=-3.318730;X=-27.705 Y=-133.295 Z=-37.411;P=-11.971122 Y=35.445312 R=170.182526;X=-49.191 Y=-140.400 Z=8.090;P=-77.271355 Y=4.081603 R=-0.132415;0;0;X=-48.804 Y=-143.645 Z=7.642;X=0.224 Y=-0.078 Z=-0.972
1:34:803;None;None;X=-41.335 Y=-140.302 Z=-48.737;P=30.512844 Y=170.207443 R=-1.127773;X=-45.213 Y=-157.015 Z=-45.131;P=-17.846655 Y=-20.757442 R=-166.972870;X=-47.929 Y=-138.977 Z=6.557;P=-82.504684 Y=-64.211288 R=48.600334;0;0;X=-48.301 Y=-141.503 Z=6.061;X=0.156 Y=-0.159 Z=-0.975
1:35:304;None;None;X=-41.086 Y=-145.848 Z=-48.878;P=38.245686 Y=161.581619 R=-13.909333;X=-42.240 Y=-157.119 Z=-51.527;P=-38.367561 Y=-14.912563 R=174.819366;X=-48.851 Y=-141.052 Z=6.430;P=-83.078102 Y=-52.307278 R=35.654926;0;0;X=-48.518 Y=-140.892 Z=4.948;X=0.174 Y=-0.144 Z=-0.974
1:35:802;bowl;None;X=-40.853 Y=-144.771 Z=-44.490;P=36.292339 Y=163.336594 R=-21.413080;X=-41.574 Y=-146.910 Z=-43.429;P=-23.545368 Y=0.752129 R=172.689087;X=-50.132 Y=-139.917 Z=7.834;P=-80.938667 Y=-37.228523 R=23.110209;0;0;X=-49.942 Y=-139.996 Z=6.859;X=0.203 Y=-0.109 Z=-0.973
1:36:303;None;bowl;X=-36.799 Y=-137.395 Z=-43.455;P=32.845573 Y=162.369858 R=-23.537115;X=-36.541 Y=-142.081 Z=-41.587;P=-20.221102 Y=4.239906 R=172.519424;X=-49.131 Y=-137.214 Z=8.230;P=-78.197189 Y=-11.754169 R=-0.047453;0;0;X=-49.126 Y=-137.727 Z=7.366;X=0.274 Y=-0.098 Z=-0.957
1:36:802;None;bowl;X=-29.937 Y=-126.819 Z=-45.649;P=26.103212 Y=177.548706 R=-4.589245;X=-27.589 Y=-135.086 Z=-45.089;P=-10.875450 Y=8.623099 R=-176.530594;X=-44.947 Y=-131.487 Z=5.630;P=-75.874260 Y=-3.654939 R=-4.074647;0;0;X=-45.276 Y=-131.874 Z=5.251;X=0.328 Y=-0.072 Z=-0.942
1:37:302;None;None;X=-31.098 Y=-119.337 Z=-47.798;P=21.398872 Y=-177.857651 R=18.919207;X=-27.526 Y=-134.298 Z=-58.077;P=-26.666512 Y=15.441503 R=-107.813179;X=-42.641 Y=-127.766 Z=3.610;P=-77.070610 Y=7.545692 R=-14.931783;0;0;X=-42.440 Y=-128.167 Z=2.619;X=0.296 Y=-0.061 Z=-0.953
1:37:810;None;bowl;X=-36.819 Y=-115.199 Z=-47.367;P=23.884426 Y=-172.439896 R=18.754316;X=-41.579 Y=-149.557 Z=-43.335;P=-21.366476 Y=-12.234229 R=-161.501678;X=-44.587 Y=-127.659 Z=7.972;P=-77.378700 Y=-9.967754 R=2.090739;0;0;X=-43.937 Y=-127.262 Z=6.608;X=0.290 Y=-0.089 Z=-0.953
1:38:303;None;None;X=-39.556 Y=-123.849 Z=-45.956;P=33.223564 Y=174.250443 R=15.105874;X=-36.041 Y=-141.859 Z=-48.553;P=-26.980038 Y=-2.180932 R=-155.432632;X=-49.083 Y=-131.476 Z=11.014;P=-74.151413 Y=3.452606 R=-13.805679;0;0;X=-48.140 Y=-131.156 Z=9.703;X=0.396 Y=0.005 Z=-0.918
1:38:801;None;None;X=-45.586 Y=-123.992 Z=-40.109;P=26.513523 Y=176.504776 R=26.988016;X=-62.995 Y=-137.493 Z=-29.335;P=-51.011433 Y=175.110596 R=-113.461761;X=-54.626 Y=-133.201 Z=14.032;P=-71.786064 Y=-20.859543 R=4.957461;0;0;X=-53.879 Y=-133.435 Z=13.180;X=0.273 Y=-0.237 Z=-0.932
1:39:302;None;None;X=-48.751 Y=-126.454 Z=-44.972;P=27.942972 Y=174.452011 R=26.528780;X=-50.861 Y=-151.812 Z=-44.513;P=-29.111160 Y=-18.636957 R=-160.983994;X=-55.385 Y=-141.674 Z=12.796;P=-74.109398 Y=3.828278 R=-21.230488;0;0;X=-55.560 Y=-140.574 Z=12.644;X=0.320 Y=-0.078 Z=-0.944
1:39:804;None;None;X=-54.422 Y=-135.065 Z=-45.398;P=32.185467 Y=-177.855728 R=27.838516;X=-50.431 Y=-157.958 Z=-51.898;P=-28.308025 Y=-25.280716 R=-148.062775;X=-55.488 Y=-149.510 Z=10.935;P=-78.694283 Y=-11.054461 R=-5.076148;0;0;X=-55.446 Y=-149.316 Z=10.010;X=0.291 Y=-0.163 Z=-0.943
1:40:303;None;None;X=-55.060 Y=-136.981 Z=-45.890;P=33.115360 Y=-179.308487 R=29.093756;X=-38.236 Y=-162.873 Z=-49.748;P=-41.977474 Y=-16.007156 R=179.377502;X=-55.444 Y=-151.595 Z=9.821;P=-77.931923 Y=-4.350434 R=-10.535210;0;0;X=-55.222 Y=-151.372 Z=8.933;X=0.309 Y=-0.104 Z=-0.945
1:40:803;None;bowl;X=-54.409 Y=-133.305 Z=-45.380;P=31.312338 Y=-175.245514 R=32.391304;X=-37.442 Y=-162.597 Z=-50.598;P=-40.074463 Y=-29.824699 R=-172.737366;X=-55.270 Y=-149.463 Z=10.267;P=-77.798622 Y=-1.782745 R=-11.420526;0;0;X=-55.039 Y=-149.881 Z=9.130;X=0.295 Y=-0.117 Z=-0.948
1:41:303;None;bowl;X=-51.048 Y=-135.841 Z=-44.973;P=29.332718 Y=179.768127 R=25.687971;X=-37.818 Y=-160.367 Z=-38.582;P=-23.988150 Y=-12.218543 R=178.780746;X=-55.504 Y=-144.605 Z=12.304;P=-76.214294 Y=-21.605179 R=8.434043;0;0;X=-55.203 Y=-145.169 Z=11.191;X=0.294 Y=-0.167 Z=-0.941
1:41:804;None;bowl;X=-36.286 Y=-145.135 Z=-35.942;P=33.400352 Y=175.465454 R=-23.309259;X=-30.391 Y=-153.883 Z=-34.529;P=-18.906065 Y=-6.332242 R=177.560486;X=-54.401 Y=-141.154 Z=12.835;P=-73.380257 Y=-9.713089 R=3.694668;0;0;X=-54.308 Y=-141.426 Z=11.915;X=0.356 Y=-0.144 Z=-0.923
1:42:304;None;bowl;X=-35.153 Y=-137.305 Z=-43.298;P=34.055706 Y=-161.691284 R=-5.195732;X=-29.618 Y=-148.842 Z=-42.870;P=-25.283590 Y=1.983399 R=176.525665;X=-50.523 Y=-140.094 Z=10.320;P=-74.185265 Y=8.512561 R=-8.375739;0;0;X=-50.807 Y=-140.316 Z=9.909;X=0.357 Y=-0.054 Z=-0.933
1:42:803;None;bowl;X=-33.922 Y=-130.488 Z=-47.807;P=32.639137 Y=-150.151764 R=7.739248;X=-26.560 Y=-143.996 Z=-51.499;P=-30.288063 Y=5.827296 R=178.850967;X=-45.879 Y=-139.895 Z=7.218;P=-76.537460 Y=25.386482 R=-21.700939;0;0;X=-46.045 Y=-140.242 Z=6.554;X=0.312 Y=0.038 Z=-0.949
1:43:334;None;bowl;X=-38.603 Y=-126.929 Z=-49.414;P=29.687771 Y=-150.617722 R=21.183975;X=-34.632 Y=-159.349 Z=-53.070;P=-26.854984 Y=-7.317990 R=-152.665161;X=-45.177 Y=-140.224 Z=7.514;P=-77.983437 Y=20.121317 R=-17.077234;0;0;X=-44.812 Y=-140.829 Z=6.527;X=0.285 Y=-0.036 Z=-0.958
1:43:803;None;None;X=-56.018 Y=-135.069 Z=-49.265;P=37.179760 Y=-165.271561 R=28.658731;X=-58.938 Y=-152.078 Z=-48.473;P=-39.391872 Y=2.900065 R=-168.049194;X=-49.404 Y=-145.841 Z=11.311;P=-76.517075 Y=5.186903 R=-8.788523;0;0;X=-48.089 Y=-145.408 Z=9.821;X=0.276 Y=-0.084 Z=-0.957
1:44:303;None;None;X=-62.016 Y=-135.384 Z=-44.134;P=44.916466 Y=-179.739975 R=24.390463;X=-67.516 Y=-153.051 Z=-47.214;P=-47.660469 Y=43.227978 R=162.097702;X=-66.114 Y=-143.164 Z=18.089;P=-63.299076 Y=-8.592360 R=-4.616395;0;0;X=-63.437 Y=-145.232 Z=16.674;X=0.369 Y=-0.092 Z=-0.925
1:44:802;None;None;X=-62.016 Y=-135.384 Z=-44.134;P=44.916466 Y=-179.739975 R=24.390463;X=-67.516 Y=-153.051 Z=-47.214;P=-47.660469 Y=43.227978 R=162.097702;X=-82.687 Y=-132.675 Z=20.260;P=-63.905308 Y=-27.909807 R=7.818763;0;0;X=-81.254 Y=-136.058 Z=19.663;X=0.449 Y=-0.098 Z=-0.888
1:45:288;None;None;X=-96.125 Y=-115.404 Z=-47.360;P=68.457169 Y=-152.038193 R=-42.518559;X=-96.177 Y=-152.863 Z=-43.023;P=-63.841248 Y=-18.592257 R=133.571518;X=-97.122 Y=-141.742 Z=21.027;P=-60.296375 Y=-7.325723 R=-5.742161;0;0;X=-94.629 Y=-140.600 Z=20.252;X=0.566 Y=-0.171 Z=-0.807
1:45:793;None;None;X=-90.967 Y=-114.495 Z=-45.278;P=61.234337 Y=-144.474365 R=-38.627853;X=-98.700 Y=-160.681 Z=-43.109;P=-63.840847 Y=-18.688097 R=133.680191;X=-97.897 Y=-139.963 Z=22.866;P=-52.449238 Y=-4.684328 R=-4.928042;0;0;X=-98.132 Y=-140.434 Z=22.176;X=0.623 Y=-0.002 Z=-0.782
1:46:292;None;None;X=-71.256 Y=-120.360 Z=-44.744;P=56.841396 Y=-179.273148 R=-37.429512;X=-75.711 Y=-149.909 Z=-45.165;P=-40.498951 Y=-16.551439 R=-170.584656;X=-81.625 Y=-134.072 Z=16.822;P=-68.750816 Y=-14.087330 R=0.940991;0;0;X=-82.757 Y=-133.972 Z=16.424;X=0.504 Y=-0.135 Z=-0.853
1:46:793;None;None;X=-54.558 Y=-134.885 Z=-45.221;P=46.310802 Y=174.052582 R=-11.483219;X=-49.315 Y=-151.403 Z=-47.601;P=-33.555317 Y=-11.465587 R=-157.041565;X=-61.608 Y=-140.097 Z=14.912;P=-72.058464 Y=3.242764 R=-12.879265;0;0;X=-63.259 Y=-140.062 Z=14.151;X=0.403 Y=-0.041 Z=-0.914
1:47:293;None;bowl;X=-50.157 Y=-126.538 Z=-48.312;P=51.369949 Y=169.335846 R=-1.019536;X=-42.721 Y=-148.962 Z=-52.058;P=-31.505264 Y=-18.075624 R=-150.243347;X=-49.955 Y=-135.281 Z=12.909;P=-78.744171 Y=-14.999863 R=0.851195;0;0;X=-50.607 Y=-135.691 Z=12.135;X=0.192 Y=-0.136 Z=-0.972
1:47:896;None;None;X=-49.666 Y=-125.624 Z=-48.539;P=52.313900 Y=171.346817 R=-1.322320;X=-36.660 Y=-149.635 Z=-48.615;P=-24.424864 Y=-20.466635 R=-151.721878;X=-47.245 Y=-133.981 Z=12.339;P=-80.065170 Y=-26.232077 R=11.660539;0;0;X=-47.217 Y=-134.030 Z=11.386;X=0.214 Y=-0.086 Z=-0.973
1:48:319;None;bowl;X=-51.798 Y=-129.712 Z=-50.300;P=56.596298 Y=169.436386 R=-4.538684;X=-28.209 Y=-152.878 Z=-43.103;P=-11.753047 Y=-14.597090 R=-153.460861;X=-48.425 Y=-134.901 Z=11.779;P=-79.509796 Y=-24.253147 R=11.077263;0;0;X=-48.251 Y=-134.339 Z=10.480;X=0.213 Y=-0.194 Z=-0.958
1:48:792;None;None;X=-44.966 Y=-150.489 Z=-54.216;P=13.150320 Y=128.257004 R=79.612144;X=-27.544 Y=-152.267 Z=-43.733;P=-10.991625 Y=-11.359764 R=-156.366272;X=-47.429 Y=-135.500 Z=5.622;P=-81.001534 Y=-50.058235 R=40.703747;0;0;X=-47.377 Y=-135.160 Z=5.176;X=0.224 Y=-0.179 Z=-0.958
1:49:293;None;None;X=-34.689 Y=-132.094 Z=-57.256;P=31.433027 Y=146.701782 R=116.077255;X=-26.029 Y=-153.756 Z=-40.958;P=-7.948980 Y=-13.153984 R=-152.772232;X=-46.965 Y=-135.916 Z=9.066;P=-76.106987 Y=-11.165508 R=0.294229;0;0;X=-46.764 Y=-136.181 Z=7.613;X=0.348 Y=-0.028 Z=-0.937
1:49:804;None;None;X=-34.040 Y=-123.029 Z=-55.778;P=34.460205 Y=151.040726 R=109.177299;X=-26.303 Y=-152.134 Z=-43.222;P=-9.411809 Y=-15.101268 R=-153.366211;X=-45.364 Y=-135.482 Z=9.682;P=-73.306465 Y=2.783955 R=-15.097277;0;0;X=-45.293 Y=-135.250 Z=9.024;X=0.375 Y=-0.011 Z=-0.927
1:50:294;spoon;None;X=-24.690 Y=-123.811 Z=-56.458;P=14.833845 Y=163.315216 R=75.897606;X=-26.475 Y=-146.630 Z=-57.180;P=-27.743189 Y=-27.964493 R=-133.742035;X=-40.525 Y=-133.590 Z=2.614;P=-76.398079 Y=4.429222 R=-22.151155;0;0;X=-40.539 Y=-133.625 Z=2.321;X=0.331 Y=-0.038 Z=-0.943
1:50:794;spoon;bowl;X=-24.106 Y=-121.041 Z=-57.489;P=13.559414 Y=164.743164 R=53.535999;X=-25.514 Y=-144.613 Z=-56.249;P=-26.861494 Y=-17.252481 R=-140.063950;X=-39.269 Y=-131.149 Z=1.817;P=-77.308777 Y=0.203183 R=-16.955284;0;0;X=-38.895 Y=-131.197 Z=0.382;X=0.323 Y=0.075 Z=-0.944
1:51:293;spoon;None;X=-25.220 Y=-116.624 Z=-58.007;P=17.844141 Y=-176.142120 R=44.485546;X=-38.004 Y=-148.700 Z=-54.788;P=-27.811190 Y=-19.671387 R=-145.826721;X=-39.853 Y=-131.347 Z=2.318;P=-74.763687 Y=11.791273 R=-27.962561;0;0;X=-39.409 Y=-130.916 Z=1.609;X=0.342 Y=0.064 Z=-0.938
1:51:792;None;None;X=-25.518 Y=-115.545 Z=-59.883;P=25.355785 Y=-177.550888 R=65.536552;X=-40.917 Y=-147.063 Z=-53.131;P=-26.855675 Y=-23.621031 R=-139.999969;X=-40.213 Y=-130.987 Z=2.834;P=-74.043610 Y=12.952105 R=-28.730879;0;0;X=-39.763 Y=-130.252 Z=1.937;X=0.361 Y=0.128 Z=-0.924
1:52:293;None;None;X=-33.531 Y=-112.330 Z=-45.383;P=34.457336 Y=-178.321609 R=53.346233;X=-40.017 Y=-146.969 Z=-48.354;P=-24.011631 Y=-18.937794 R=-146.621307;X=-42.035 Y=-132.055 Z=7.609;P=-72.050011 Y=14.641890 R=-29.696138;0;0;X=-41.076 Y=-131.200 Z=6.038;X=0.372 Y=0.122 Z=-0.920
1:52:793;None;None;X=-45.817 Y=-120.616 Z=-46.320;P=32.682926 Y=-179.460953 R=47.952152;X=-43.317 Y=-141.052 Z=-50.648;P=-43.771435 Y=-6.638850 R=-119.739273;X=-46.044 Y=-133.612 Z=11.396;P=-75.783401 Y=9.571059 R=-25.212879;0;0;X=-45.091 Y=-133.479 Z=9.952;X=0.317 Y=-0.034 Z=-0.948
1:53:291;None;None;X=-56.407 Y=-121.633 Z=-40.192;P=16.087158 Y=166.097397 R=58.864178;X=-61.680 Y=-143.784 Z=-26.513;P=-51.142960 Y=175.080902 R=-114.971733;X=-59.599 Y=-141.541 Z=17.954;P=-66.262306 Y=8.462729 R=-21.017895;0;0;X=-57.773 Y=-143.591 Z=16.437;X=0.401 Y=-0.014 Z=-0.916
1:53:794;None;None;X=-57.628 Y=-97.629 Z=-16.923;P=-31.752659 Y=-156.612900 R=64.741837;X=-70.523 Y=-173.774 Z=-12.231;P=9.657259 Y=-32.482735 R=-123.574181;X=-83.254 Y=-132.280 Z=22.421;P=-52.686836 Y=-13.221368 R=-7.306678;0;0;X=-80.462 Y=-134.061 Z=21.432;X=0.638 Y=0.059 Z=-0.768
1:54:294;None;None;X=-92.967 Y=-113.293 Z=-47.226;P=26.252657 Y=165.941559 R=72.529663;X=-104.072 Y=-146.306 Z=-27.171;P=-18.555410 Y=4.047167 R=-151.357681;X=-104.098 Y=-134.447 Z=24.558;P=-49.000443 Y=-4.930453 R=-6.013584;0;0;X=-100.918 Y=-132.893 Z=23.783;X=0.647 Y=-0.098 Z=-0.756
1:54:795;None;None;X=-114.635 Y=-137.985 Z=-43.278;P=26.273434 Y=165.878189 R=72.497429;X=-121.745 Y=-164.132 Z=-48.994;P=-36.019352 Y=-17.501604 R=-131.592911;X=-127.579 Y=-161.909 Z=26.388;P=-44.225178 Y=-7.440437 R=-10.061873;0;0;X=0.000 Y=0.000 Z=0.000;X=0.000 Y=0.000 Z=0.000
1:55:294;None;None;X=-118.268 Y=-141.430 Z=-40.288;P=26.379480 Y=165.895935 R=72.400681;X=-133.436 Y=-190.394 Z=-49.836;P=-44.238403 Y=-33.851994 R=-178.254608;X=-122.230 Y=-177.558 Z=26.646;P=-42.661709 Y=-6.429967 R=-11.001758;0;0;X=0.000 Y=0.000 Z=0.000;X=0.000 Y=0.000 Z=0.000
1:55:797;None;None;X=-107.490 Y=-172.420 Z=-45.079;P=26.304403 Y=165.895615 R=72.459793;X=-133.436 Y=-190.394 Z=-49.836;P=-44.238403 Y=-33.851994 R=-178.254608;X=-113.697 Y=-187.193 Z=30.438;P=-31.277279 Y=33.447941 R=-10.806258;0;0;X=0.000 Y=0.000 Z=0.000;X=0.000 Y=0.000 Z=0.000
1:56:302;None;None;X=-100.307 Y=-170.246 Z=-28.565;P=23.954681 Y=-165.553146 R=-19.258835;X=-80.876 Y=-179.622 Z=-1.573;P=14.346737 Y=54.759266 R=129.995483;X=-113.683 Y=-188.444 Z=26.049;P=-49.240597 Y=16.668489 R=0.890348;0;0;X=-113.153 Y=-189.094 Z=25.645;X=0.735 Y=0.264 Z=-0.625
1:56:801;None;None;X=-102.194 Y=-150.800 Z=-31.800;P=30.662622 Y=-163.383591 R=-24.881788;X=-77.673 Y=-175.187 Z=2.561;P=32.181389 Y=24.260447 R=101.096573;X=-108.268 Y=-174.475 Z=24.764;P=-50.186954 Y=14.631663 R=-2.654449;0;0;X=-108.110 Y=-174.825 Z=24.184;X=0.731 Y=0.189 Z=-0.655
1:57:302;None;None;X=-96.520 Y=-157.593 Z=-28.908;P=26.468594 Y=-164.520950 R=-13.796612;X=-74.511 Y=-178.254 Z=7.187;P=36.048866 Y=20.903606 R=101.998245;X=-104.890 Y=-175.763 Z=26.328;P=-46.666649 Y=14.591536 R=-3.896028;0;0;X=-104.518 Y=-174.936 Z=25.664;X=0.719 Y=0.123 Z=-0.684
